project_name,base_commit,parent_commit_test_suites,other_parent_commit,merge_commit,tool,behavior_change,criteria,failed_test_cases,local_test_suite,class_under_analysis,method_under_analysis,flaky_tests,jar_type
storm,e3b2f96931317d98bff0e2be567a0bf80e835f43,0aa0e8579,NOT-REQUIRED,ad2be678831b3b060229fd936e3908110162b7ac,DIFFERENTIAL-EVOSUITE,True,FIRST_CRITERION,{'KafkaSpoutConfig_ESTest#test0'},/home/CIN/lmps2/semantic-conflict-study/SMAT/output-test-dest/storm/ad2be678831b3b060229fd936e3908110162b7ac/evosuite_7,org.apache.storm.kafka.spout.KafkaSpoutConfig,toString(),set(),transformed
storm,e3b2f96931317d98bff0e2be567a0bf80e835f43,0aa0e8579,NOT-REQUIRED,ad2be678831b3b060229fd936e3908110162b7ac,RANDOOP,True,FIRST_CRITERION,{'(RegressionTest32#test16071'| '(RegressionTest17#test08644'| '(RegressionTest2#test01128'| '(RegressionTest30#test15245'| '(RegressionTest25#test12636'| '(RegressionTest32#test16248'| '(RegressionTest5#test02613'| '(RegressionTest10#test05244'| '(RegressionTest1#test00937'| '(RegressionTest26#test13108'| '(RegressionTest11#test05556'| '(RegressionTest28#test14370'| '(RegressionTest21#test10838'| '(RegressionTest31#test15688'| '(RegressionTest34#test17196'| '(RegressionTest25#test12592'| '(RegressionTest29#test14939'| '(RegressionTest27#test13874'| '(RegressionTest16#test08002'| '(RegressionTest3#test01873'| '(RegressionTest23#test11940'| '(RegressionTest22#test11317'| '(RegressionTest21#test10729'| '(RegressionTest22#test11104'| '(RegressionTest0#test00363'| '(RegressionTest3#test01675'| '(RegressionTest26#test13249'| '(RegressionTest30#test15394'| '(RegressionTest2#test01234'| '(RegressionTest7#test03957'| '(RegressionTest3#test01699'| '(RegressionTest25#test12611'| '(RegressionTest15#test07660'| '(RegressionTest1#test00999'| '(RegressionTest2#test01306'| '(RegressionTest8#test04033'},/home/CIN/lmps2/semantic-conflict-study/SMAT/output-test-dest/storm/ad2be678831b3b060229fd936e3908110162b7ac/randoop_5,org.apache.storm.kafka.spout.KafkaSpoutConfig,toString(),set(),transformed
storm,e3b2f96931317d98bff0e2be567a0bf80e835f43,251cb8876,NOT-REQUIRED,ad2be678831b3b060229fd936e3908110162b7ac,RANDOOP,True,FIRST_CRITERION,{'(RegressionTest12#test06296'| '(RegressionTest13#test06529'| '(RegressionTest1#test00928'| '(RegressionTest18#test09133'},/home/CIN/lmps2/semantic-conflict-study/SMAT/output-test-dest/storm/ad2be678831b3b060229fd936e3908110162b7ac/randoop_6,org.apache.storm.kafka.spout.KafkaSpoutConfig,toString(),set(),transformed
storm,e3b2f96931317d98bff0e2be567a0bf80e835f43,0aa0e8579,NOT-REQUIRED,ad2be678831b3b060229fd936e3908110162b7ac,RANDOOP-MODIFIED,True,FIRST_CRITERION,{'(RegressionTest31#test15792'| '(RegressionTest29#test14787'| '(RegressionTest2#test01300'| '(RegressionTest3#test01871'| '(RegressionTest24#test12347'| '(RegressionTest13#test06611'| '(RegressionTest33#test16721'| '(RegressionTest28#test14118'| '(RegressionTest15#test07551'| '(RegressionTest3#test01747'| '(RegressionTest10#test05135'| '(RegressionTest21#test10823'| '(RegressionTest1#test00557'| '(RegressionTest5#test02664'| '(RegressionTest23#test11960'| '(RegressionTest32#test16063'| '(RegressionTest2#test01151'| '(RegressionTest32#test16353'| '(RegressionTest20#test10099'| '(RegressionTest7#test03895'| '(RegressionTest12#test06482'| '(RegressionTest35#test17514'| '(RegressionTest32#test16088'| '(RegressionTest13#test06788'| '(RegressionTest3#test01652'| '(RegressionTest36#test18381'| '(RegressionTest10#test05041'| '(RegressionTest25#test12691'| '(RegressionTest24#test12143'| '(RegressionTest4#test02418'| '(RegressionTest13#test06581'| '(RegressionTest7#test03756'| '(RegressionTest17#test08572'| '(RegressionTest0#test00003'| '(RegressionTest3#test01930'| '(RegressionTest20#test10079'| '(RegressionTest21#test10976'| '(RegressionTest26#test13350'| '(RegressionTest29#test14683'| '(RegressionTest8#test04429'| '(RegressionTest19#test09967'| '(RegressionTest13#test06682'| '(RegressionTest12#test06195'| '(RegressionTest0#test00136'| '(RegressionTest11#test05580'| '(RegressionTest0#test00358'| '(RegressionTest8#test04483'| '(RegressionTest30#test15250'| '(RegressionTest3#test01783'| '(RegressionTest7#test03598'| '(RegressionTest35#test17651'| '(RegressionTest33#test16898'| '(RegressionTest3#test01774'| '(RegressionTest36#test18326'| '(RegressionTest3#test01621'| '(RegressionTest1#test00589'| '(RegressionTest16#test08333'| '(RegressionTest34#test17134'| '(RegressionTest24#test12059'| '(RegressionTest35#test17713'| '(RegressionTest12#test06065'| '(RegressionTest12#test06050'| '(RegressionTest7#test03630'| '(RegressionTest3#test01873'| '(RegressionTest28#test14055'| '(RegressionTest10#test05064'| '(RegressionTest22#test11166'| '(RegressionTest17#test08650'| '(RegressionTest1#test00569'| '(RegressionTest9#test05000'| '(RegressionTest9#test04512'| '(RegressionTest10#test05398'| '(RegressionTest36#test18134'| '(RegressionTest15#test07577'| '(RegressionTest7#test03824'| '(RegressionTest19#test09650'| '(RegressionTest29#test14880'},/home/CIN/lmps2/semantic-conflict-study/SMAT/output-test-dest/storm/ad2be678831b3b060229fd936e3908110162b7ac/randoop-modified_3,org.apache.storm.kafka.spout.KafkaSpoutConfig,toString(),set(),transformed
storm,e3b2f96931317d98bff0e2be567a0bf80e835f43,251cb8876,NOT-REQUIRED,ad2be678831b3b060229fd936e3908110162b7ac,RANDOOP-MODIFIED,True,FIRST_CRITERION,{'(RegressionTest17#test08876'| '(RegressionTest8#test04121'| '(RegressionTest14#test07308'},/home/CIN/lmps2/semantic-conflict-study/SMAT/output-test-dest/storm/ad2be678831b3b060229fd936e3908110162b7ac/randoop-modified_4,org.apache.storm.kafka.spout.KafkaSpoutConfig,toString(),set(),transformed
antlr4,d0fb48c2b89128158950f4b32a61d50d52d981ea,196c4d591,NOT-REQUIRED,69ff2669eec265e25721dbc27cb00f6c381d0b41,EVOSUITE,True,FIRST_CRITERION,{'Python2Target_ESTest#test09'| 'Python2Target_ESTest#test05'| 'Python2Target_ESTest#test10'},/home/CIN/lmps2/semantic-conflict-study/SMAT/output-test-dest/antlr4/69ff2669eec265e25721dbc27cb00f6c381d0b41/evosuite_1,org.antlr.v4.codegen.target.Python2Target,python2Keywords,set(),original
antlr4,d0fb48c2b89128158950f4b32a61d50d52d981ea,99b2d6616,NOT-REQUIRED,69ff2669eec265e25721dbc27cb00f6c381d0b41,EVOSUITE,True,FIRST_CRITERION,{'Python2Target_ESTest#test12'| 'Python2Target_ESTest#test00'| 'Python2Target_ESTest#test14'| 'Python2Target_ESTest#test10'},/home/CIN/lmps2/semantic-conflict-study/SMAT/output-test-dest/antlr4/69ff2669eec265e25721dbc27cb00f6c381d0b41/evosuite_2,org.antlr.v4.codegen.target.Python2Target,python2Keywords,set(),original
antlr4,d0fb48c2b89128158950f4b32a61d50d52d981ea,99b2d6616,NOT-REQUIRED,69ff2669eec265e25721dbc27cb00f6c381d0b41,DIFFERENTIAL-EVOSUITE,True,FIRST_CRITERION,{'Python2Target_ESTest#test0'},/home/CIN/lmps2/semantic-conflict-study/SMAT/output-test-dest/antlr4/69ff2669eec265e25721dbc27cb00f6c381d0b41/evosuite_4,org.antlr.v4.codegen.target.Python2Target,python2Keywords,set(),original
antlr4,d0fb48c2b89128158950f4b32a61d50d52d981ea,196c4d591,NOT-REQUIRED,69ff2669eec265e25721dbc27cb00f6c381d0b41,EVOSUITE,True,FIRST_CRITERION,{'Python2Target_ESTest#test17'| 'Python2Target_ESTest#test16'| 'Python2Target_ESTest#test10'| 'Python2Target_ESTest#test05'},/home/CIN/lmps2/semantic-conflict-study/SMAT/output-test-dest/antlr4/69ff2669eec265e25721dbc27cb00f6c381d0b41/evosuite_5,org.antlr.v4.codegen.target.Python2Target,python2Keywords,set(),transformed
antlr4,d0fb48c2b89128158950f4b32a61d50d52d981ea,99b2d6616,NOT-REQUIRED,69ff2669eec265e25721dbc27cb00f6c381d0b41,EVOSUITE,True,FIRST_CRITERION,{'Python2Target_ESTest#test12'| 'Python2Target_ESTest#test11'| 'Python2Target_ESTest#test16'| 'Python2Target_ESTest#test10'},/home/CIN/lmps2/semantic-conflict-study/SMAT/output-test-dest/antlr4/69ff2669eec265e25721dbc27cb00f6c381d0b41/evosuite_6,org.antlr.v4.codegen.target.Python2Target,python2Keywords,set(),transformed
antlr4,d0fb48c2b89128158950f4b32a61d50d52d981ea,196c4d591,NOT-REQUIRED,69ff2669eec265e25721dbc27cb00f6c381d0b41,DIFFERENTIAL-EVOSUITE,True,FIRST_CRITERION,{'Python2Target_ESTest#test0'},/home/CIN/lmps2/semantic-conflict-study/SMAT/output-test-dest/antlr4/69ff2669eec265e25721dbc27cb00f6c381d0b41/evosuite_7,org.antlr.v4.codegen.target.Python2Target,python2Keywords,set(),transformed
antlr4,d0fb48c2b89128158950f4b32a61d50d52d981ea,99b2d6616,NOT-REQUIRED,69ff2669eec265e25721dbc27cb00f6c381d0b41,DIFFERENTIAL-EVOSUITE,True,FIRST_CRITERION,{'Python2Target_ESTest#test0'},/home/CIN/lmps2/semantic-conflict-study/SMAT/output-test-dest/antlr4/69ff2669eec265e25721dbc27cb00f6c381d0b41/evosuite_8,org.antlr.v4.codegen.target.Python2Target,python2Keywords,set(),transformed
antlr4,d0fb48c2b89128158950f4b32a61d50d52d981ea,196c4d591,NOT-REQUIRED,69ff2669eec265e25721dbc27cb00f6c381d0b41,EVOSUITE,True,FIRST_CRITERION,{'Python3Target_ESTest#test05'| 'Python3Target_ESTest#test13'},/home/CIN/lmps2/semantic-conflict-study/SMAT/output-test-dest/antlr4/69ff2669eec265e25721dbc27cb00f6c381d0b41/evosuite_9,org.antlr.v4.codegen.target.Python3Target,python3Keywords,set(),original
antlr4,d0fb48c2b89128158950f4b32a61d50d52d981ea,99b2d6616,NOT-REQUIRED,69ff2669eec265e25721dbc27cb00f6c381d0b41,EVOSUITE,True,FIRST_CRITERION,{'Python3Target_ESTest#test07'| 'Python3Target_ESTest#test04'| 'Python3Target_ESTest#test10'| 'Python3Target_ESTest#test11'| 'Python3Target_ESTest#test13'| 'Python3Target_ESTest#test02'},/home/CIN/lmps2/semantic-conflict-study/SMAT/output-test-dest/antlr4/69ff2669eec265e25721dbc27cb00f6c381d0b41/evosuite_10,org.antlr.v4.codegen.target.Python3Target,python3Keywords,set(),original
antlr4,d0fb48c2b89128158950f4b32a61d50d52d981ea,196c4d591,NOT-REQUIRED,69ff2669eec265e25721dbc27cb00f6c381d0b41,DIFFERENTIAL-EVOSUITE,True,FIRST_CRITERION,{'Python3Target_ESTest#test0'},/home/CIN/lmps2/semantic-conflict-study/SMAT/output-test-dest/antlr4/69ff2669eec265e25721dbc27cb00f6c381d0b41/evosuite_11,org.antlr.v4.codegen.target.Python3Target,python3Keywords,set(),original
antlr4,d0fb48c2b89128158950f4b32a61d50d52d981ea,99b2d6616,NOT-REQUIRED,69ff2669eec265e25721dbc27cb00f6c381d0b41,DIFFERENTIAL-EVOSUITE,True,FIRST_CRITERION,{'Python3Target_ESTest#test0'},/home/CIN/lmps2/semantic-conflict-study/SMAT/output-test-dest/antlr4/69ff2669eec265e25721dbc27cb00f6c381d0b41/evosuite_12,org.antlr.v4.codegen.target.Python3Target,python3Keywords,set(),original
antlr4,d0fb48c2b89128158950f4b32a61d50d52d981ea,196c4d591,NOT-REQUIRED,69ff2669eec265e25721dbc27cb00f6c381d0b41,EVOSUITE,True,FIRST_CRITERION,{'Python3Target_ESTest#test19'| 'Python3Target_ESTest#test08'| 'Python3Target_ESTest#test06'| 'Python3Target_ESTest#test14'},/home/CIN/lmps2/semantic-conflict-study/SMAT/output-test-dest/antlr4/69ff2669eec265e25721dbc27cb00f6c381d0b41/evosuite_13,org.antlr.v4.codegen.target.Python3Target,python3Keywords,set(),transformed
antlr4,d0fb48c2b89128158950f4b32a61d50d52d981ea,99b2d6616,NOT-REQUIRED,69ff2669eec265e25721dbc27cb00f6c381d0b41,EVOSUITE,True,FIRST_CRITERION,{'Python3Target_ESTest#test10'| 'Python3Target_ESTest#test11'},/home/CIN/lmps2/semantic-conflict-study/SMAT/output-test-dest/antlr4/69ff2669eec265e25721dbc27cb00f6c381d0b41/evosuite_14,org.antlr.v4.codegen.target.Python3Target,python3Keywords,set(),transformed
antlr4,d0fb48c2b89128158950f4b32a61d50d52d981ea,196c4d591,NOT-REQUIRED,69ff2669eec265e25721dbc27cb00f6c381d0b41,DIFFERENTIAL-EVOSUITE,True,FIRST_CRITERION,{'Python3Target_ESTest#test0'},/home/CIN/lmps2/semantic-conflict-study/SMAT/output-test-dest/antlr4/69ff2669eec265e25721dbc27cb00f6c381d0b41/evosuite_15,org.antlr.v4.codegen.target.Python3Target,python3Keywords,set(),transformed
antlr4,d0fb48c2b89128158950f4b32a61d50d52d981ea,99b2d6616,NOT-REQUIRED,69ff2669eec265e25721dbc27cb00f6c381d0b41,DIFFERENTIAL-EVOSUITE,True,FIRST_CRITERION,{'Python3Target_ESTest#test0'},/home/CIN/lmps2/semantic-conflict-study/SMAT/output-test-dest/antlr4/69ff2669eec265e25721dbc27cb00f6c381d0b41/evosuite_16,org.antlr.v4.codegen.target.Python3Target,python3Keywords,set(),transformed
fitnesse,87a4b54f94f7dbe48bdfde0dae874e36d48f43df,d24741cd3,NOT-REQUIRED,4d9ba9d221d879507440feb084fa7521b95111ec,DIFFERENTIAL-EVOSUITE,True,FIRST_CRITERION,{'SlimTableFactory_ESTest#test0'},/home/CIN/lmps2/semantic-conflict-study/SMAT/output-test-dest/fitnesse/4d9ba9d221d879507440feb084fa7521b95111ec/evosuite_19,fitnesse.testsystems.slim.tables.SlimTableFactory,SlimTableFactory(),set(),transformed
fitnesse,87a4b54f94f7dbe48bdfde0dae874e36d48f43df,6c383370e,NOT-REQUIRED,4d9ba9d221d879507440feb084fa7521b95111ec,DIFFERENTIAL-EVOSUITE,True,FIRST_CRITERION,{'SlimTableFactory_ESTest#test0'},/home/CIN/lmps2/semantic-conflict-study/SMAT/output-test-dest/fitnesse/4d9ba9d221d879507440feb084fa7521b95111ec/evosuite_20,fitnesse.testsystems.slim.tables.SlimTableFactory,SlimTableFactory(),set(),transformed
fitnesse,87a4b54f94f7dbe48bdfde0dae874e36d48f43df,d24741cd3,NOT-REQUIRED,4d9ba9d221d879507440feb084fa7521b95111ec,DIFFERENTIAL-EVOSUITE,True,FIRST_CRITERION,{'SlimTableFactoryTest_ESTest#test0'},/home/CIN/lmps2/semantic-conflict-study/SMAT/output-test-dest/fitnesse/4d9ba9d221d879507440feb084fa7521b95111ec/evosuite_15,fitnesse.testsystems.slim.tables.SlimTableFactoryTest,setUp(),set(),transformed
HikariCP,9eb405e5b81082044daca981b2655396c4e9a6eb,b4510a50,NOT-REQUIRED,1bca94af9ec625f21d1b58ff10efb5be71ab87a6,EVOSUITE,True,FIRST_CRITERION,{'HikariPool_ESTest#test18'| 'HikariPool_ESTest#test12'| 'HikariPool_ESTest#test16'| 'HikariPool_ESTest#test20'| 'HikariPool_ESTest#test15'| 'HikariPool_ESTest#test02'| 'HikariPool_ESTest#test00'| 'HikariPool_ESTest#test19'| 'HikariPool_ESTest#test11'| 'HikariPool_ESTest#test21'| 'HikariPool_ESTest#test22'| 'HikariPool_ESTest#test14'| 'HikariPool_ESTest#test17'| 'HikariPool_ESTest#test03'| 'HikariPool_ESTest#test04'},/home/CIN/lmps2/semantic-conflict-study/SMAT/output-test-dest/HikariCP/1bca94af9ec625f21d1b58ff10efb5be71ab87a6/evosuite_10,com.zaxxer.hikari.HikariPool,addConnection(),set(),original
spring-boot,b5709fd6183bb283b7294b77a477528e03483d10,544d51656,NOT-REQUIRED,6664ce19d6f2388ebd6cf54763f54fdddd226b9a,EVOSUITE,True,FIRST_CRITERION,{'AtomikosProperties_ESTest#test22'| 'AtomikosProperties_ESTest#test07'| 'AtomikosProperties_ESTest#test33'| 'AtomikosProperties_ESTest#test32'| 'AtomikosProperties_ESTest#test30'| 'AtomikosProperties_ESTest#test27'| 'AtomikosProperties_ESTest#test01'| 'AtomikosProperties_ESTest#test34'| 'AtomikosProperties_ESTest#test05'},/home/CIN/lmps2/semanticConflicts/SMAT/output-test-dest/spring-boot/6664ce19d6f2388ebd6cf54763f54fdddd226b9a/evosuite_18,org.springframework.boot.jta.atomikos.AtomikosProperties | java.util.Properties,asProperties(),set(),original
spring-boot,b5709fd6183bb283b7294b77a477528e03483d10,544d51656,NOT-REQUIRED,6664ce19d6f2388ebd6cf54763f54fdddd226b9a,DIFFERENTIAL-EVOSUITE,True,FIRST_CRITERION,{'AtomikosProperties_ESTest#test0'},/home/CIN/lmps2/semanticConflicts/SMAT/output-test-dest/spring-boot/6664ce19d6f2388ebd6cf54763f54fdddd226b9a/evosuite_20,org.springframework.boot.jta.atomikos.AtomikosProperties | java.util.Properties,asProperties(),set(),original
spring-boot,b5709fd6183bb283b7294b77a477528e03483d10,337e64526,NOT-REQUIRED,6664ce19d6f2388ebd6cf54763f54fdddd226b9a,RANDOOP,True,FIRST_CRITERION,{'(RegressionTest10#test05121'| '(RegressionTest5#test02870'},/home/CIN/lmps2/semanticConflicts/SMAT/output-test-dest/spring-boot/6664ce19d6f2388ebd6cf54763f54fdddd226b9a/randoop_17,org.springframework.boot.jta.atomikos.AtomikosProperties | java.util.Properties,asProperties(),set(),original
spring-boot,b5709fd6183bb283b7294b77a477528e03483d10,544d51656,NOT-REQUIRED,6664ce19d6f2388ebd6cf54763f54fdddd226b9a,RANDOOP,True,FIRST_CRITERION,{'(RegressionTest10#test5162'| '(RegressionTest2#test1240'| '(RegressionTest1#test0933'| '(RegressionTest4#test2294'| '(RegressionTest16#test8023'| '(RegressionTest15#test7698'| '(RegressionTest4#test2185'| '(RegressionTest14#test7107'| '(RegressionTest15#test7936'| '(RegressionTest6#test3348'| '(RegressionTest12#test6308'| '(RegressionTest11#test5825'| '(RegressionTest10#test5096'| '(RegressionTest13#test6522'| '(RegressionTest11#test5687'| '(RegressionTest11#test5706'| '(RegressionTest13#test6753'| '(RegressionTest4#test2252'| '(RegressionTest6#test3195'| '(RegressionTest18#test9246'| '(RegressionTest11#test5805'| '(RegressionTest1#test0639'| '(RegressionTest9#test4724'| '(RegressionTest5#test2705'| '(RegressionTest11#test5927'| '(RegressionTest8#test4424'| '(RegressionTest18#test9126'| '(RegressionTest15#test7965'| '(RegressionTest17#test8700'| '(RegressionTest17#test8761'| '(RegressionTest1#test0739'| '(RegressionTest17#test8783'| '(RegressionTest13#test6800'| '(RegressionTest9#test4511'| '(RegressionTest15#test7535'| '(RegressionTest16#test8487'| '(RegressionTest1#test0661'| '(RegressionTest5#test2567'| '(RegressionTest16#test8090'| '(RegressionTest6#test3370'| '(RegressionTest4#test2412'| '(RegressionTest15#test7921'| '(RegressionTest9#test4882'| '(RegressionTest16#test8209'| '(RegressionTest16#test8152'| '(RegressionTest10#test5238'| '(RegressionTest4#test2486'| '(RegressionTest3#test1816'| '(RegressionTest16#test8064'| '(RegressionTest16#test8351'| '(RegressionTest12#test6486'| '(RegressionTest5#test2773'| '(RegressionTest17#test8593'| '(RegressionTest16#test8243'| '(RegressionTest4#test2060'| '(RegressionTest11#test5564'| '(RegressionTest18#test9341'| '(RegressionTest5#test2935'| '(RegressionTest10#test5087'| '(RegressionTest17#test8765'| '(RegressionTest5#test2728'| '(RegressionTest13#test6592'| '(RegressionTest1#test0665'| '(RegressionTest16#test8071'| '(RegressionTest14#test7176'| '(RegressionTest15#test7634'| '(RegressionTest14#test7425'| '(RegressionTest10#test5007'| '(RegressionTest4#test2398'| '(RegressionTest1#test0763'| '(RegressionTest13#test6795'| '(RegressionTest9#test4743'| '(RegressionTest5#test2535'| '(RegressionTest2#test1320'| '(RegressionTest3#test1643'| '(RegressionTest16#test8182'| '(RegressionTest7#test3542'| '(RegressionTest17#test8966'| '(RegressionTest12#test6227'| '(RegressionTest18#test9099'| '(RegressionTest14#test7350'| '(RegressionTest17#test8522'| '(RegressionTest12#test6103'| '(RegressionTest14#test7275'| '(RegressionTest6#test3044'| '(RegressionTest17#test8853'| '(RegressionTest17#test8847'| '(RegressionTest10#test5429'| '(RegressionTest4#test2229'| '(RegressionTest10#test5247'},/home/CIN/lmps2/semanticConflicts/SMAT/output-test-dest/spring-boot/6664ce19d6f2388ebd6cf54763f54fdddd226b9a/randoop_18,org.springframework.boot.jta.atomikos.AtomikosProperties | java.util.Properties,asProperties(),set(),original
spring-boot,b5709fd6183bb283b7294b77a477528e03483d10,337e64526,NOT-REQUIRED,6664ce19d6f2388ebd6cf54763f54fdddd226b9a,RANDOOP-MODIFIED,True,FIRST_CRITERION,{'(RegressionTest6#test03152'| '(RegressionTest1#test00883'| '(RegressionTest10#test05310'| '(RegressionTest17#test08651'| '(RegressionTest0#test00485'| '(RegressionTest3#test01934'| '(RegressionTest4#test02025'| '(RegressionTest9#test04682'| '(RegressionTest4#test02263'},/home/CIN/lmps2/semanticConflicts/SMAT/output-test-dest/spring-boot/6664ce19d6f2388ebd6cf54763f54fdddd226b9a/randoop-modified_9,org.springframework.boot.jta.atomikos.AtomikosProperties | java.util.Properties,asProperties(),set(),original
spring-boot,b5709fd6183bb283b7294b77a477528e03483d10,544d51656,NOT-REQUIRED,6664ce19d6f2388ebd6cf54763f54fdddd226b9a,RANDOOP-MODIFIED,True,FIRST_CRITERION,{'(RegressionTest13#test6596'| '(RegressionTest18#test9430'| '(RegressionTest12#test6188'| '(RegressionTest7#test3616'| '(RegressionTest10#test5303'| '(RegressionTest15#test7567'| '(RegressionTest6#test3050'| '(RegressionTest13#test6904'| '(RegressionTest13#test6587'| '(RegressionTest4#test2345'| '(RegressionTest11#test5630'| '(RegressionTest7#test3963'| '(RegressionTest13#test6729'| '(RegressionTest19#test9721'| '(RegressionTest8#test4369'| '(RegressionTest8#test4067'| '(RegressionTest3#test1528'| '(RegressionTest15#test7969'| '(RegressionTest16#test8456'| '(RegressionTest15#test7860'| '(RegressionTest9#test4878'| '(RegressionTest8#test4364'| '(RegressionTest12#test6283'| '(RegressionTest18#test9277'| '(RegressionTest17#test8639'| '(RegressionTest19#test9590'| '(RegressionTest14#test7490'| '(RegressionTest17#test8532'| '(RegressionTest8#test4069'| '(RegressionTest16#test8423'| '(RegressionTest3#test1836'| '(RegressionTest19#test9535'| '(RegressionTest10#test5115'| '(RegressionTest8#test4285'| '(RegressionTest11#test5652'| '(RegressionTest14#test7328'| '(RegressionTest11#test5529'| '(RegressionTest16#test8484'| '(RegressionTest5#test2524'| '(RegressionTest18#test9479'| '(RegressionTest8#test4218'| '(RegressionTest2#test1298'| '(RegressionTest13#test6548'| '(RegressionTest18#test9094'| '(RegressionTest13#test6648'| '(RegressionTest6#test3181'| '(RegressionTest15#test7693'| '(RegressionTest1#test0962'| '(RegressionTest16#test8346'| '(RegressionTest6#test3179'| '(RegressionTest16#test8351'| '(RegressionTest7#test3718'| '(RegressionTest9#test4704'| '(RegressionTest11#test5750'| '(RegressionTest14#test7126'| '(RegressionTest10#test5268'| '(RegressionTest11#test5993'| '(RegressionTest12#test6175'| '(RegressionTest8#test4323'| '(RegressionTest15#test7760'| '(RegressionTest6#test3342'| '(RegressionTest4#test2215'| '(RegressionTest6#test3117'| '(RegressionTest7#test3507'| '(RegressionTest18#test9093'| '(RegressionTest7#test3604'| '(RegressionTest18#test9174'| '(RegressionTest10#test5150'| '(RegressionTest1#test0744'| '(RegressionTest9#test4612'| '(RegressionTest16#test8408'| '(RegressionTest10#test5309'| '(RegressionTest8#test4230'| '(RegressionTest6#test3300'| '(RegressionTest5#test2843'| '(RegressionTest5#test2562'| '(RegressionTest11#test5752'| '(RegressionTest13#test6762'| '(RegressionTest18#test9048'| '(RegressionTest10#test5433'| '(RegressionTest7#test3514'| '(RegressionTest3#test1681'| '(RegressionTest4#test2134'| '(RegressionTest5#test2659'| '(RegressionTest6#test3078'| '(RegressionTest16#test8200'| '(RegressionTest5#test2787'| '(RegressionTest2#test1488'| '(RegressionTest5#test2833'| '(RegressionTest8#test4455'| '(RegressionTest18#test9164'| '(RegressionTest17#test8665'| '(RegressionTest16#test8404'| '(RegressionTest15#test7790'| '(RegressionTest14#test7412'| '(RegressionTest19#test9565'| '(RegressionTest4#test2365'| '(RegressionTest5#test2980'| '(RegressionTest10#test5334'| '(RegressionTest12#test6071'| '(RegressionTest2#test1468'| '(RegressionTest13#test6626'| '(RegressionTest8#test4094'| '(RegressionTest19#test9648'| '(RegressionTest9#test4746'| '(RegressionTest2#test1252'| '(RegressionTest1#test0792'| '(RegressionTest17#test8740'| '(RegressionTest14#test7172'| '(RegressionTest17#test8704'| '(RegressionTest17#test8688'| '(RegressionTest5#test2890'| '(RegressionTest11#test5667'| '(RegressionTest9#test4759'| '(RegressionTest13#test6943'| '(RegressionTest12#test6136'| '(RegressionTest3#test1755'| '(RegressionTest18#test9107'| '(RegressionTest11#test5546'| '(RegressionTest17#test8785'| '(RegressionTest18#test9051'| '(RegressionTest19#test9691'| '(RegressionTest16#test8196'| '(RegressionTest17#test8514'| '(RegressionTest17#test8780'| '(RegressionTest16#test8321'| '(RegressionTest9#test4953'| '(RegressionTest14#test7468'| '(RegressionTest8#test4304'| '(RegressionTest7#test3899'| '(RegressionTest14#test7187'| '(RegressionTest13#test6970'| '(RegressionTest10#test5392'| '(RegressionTest12#test6069'| '(RegressionTest19#test9758'| '(RegressionTest18#test9131'| '(RegressionTest7#test3881'| '(RegressionTest8#test4428'| '(RegressionTest11#test5720'| '(RegressionTest15#test7985'| '(RegressionTest15#test7991'| '(RegressionTest10#test5473'| '(RegressionTest0#test0432'| '(RegressionTest13#test6983'| '(RegressionTest8#test4326'| '(RegressionTest10#test5195'| '(RegressionTest17#test8988'| '(RegressionTest2#test1009'| '(RegressionTest13#test6525'| '(RegressionTest17#test8726'| '(RegressionTest10#test5046'| '(RegressionTest15#test7868'| '(RegressionTest4#test2363'| '(RegressionTest8#test4268'| '(RegressionTest10#test5132'| '(RegressionTest8#test4229'| '(RegressionTest1#test0908'| '(RegressionTest17#test8936'| '(RegressionTest15#test7911'| '(RegressionTest15#test7890'| '(RegressionTest6#test3288'| '(RegressionTest5#test2923'| '(RegressionTest15#test7518'| '(RegressionTest10#test5358'| '(RegressionTest17#test8689'| '(RegressionTest4#test2021'| '(RegressionTest8#test4315'| '(RegressionTest14#test7002'| '(RegressionTest4#test2312'| '(RegressionTest6#test3048'| '(RegressionTest13#test6656'| '(RegressionTest12#test6049'| '(RegressionTest18#test9323'| '(RegressionTest15#test7830'| '(RegressionTest18#test9431'| '(RegressionTest5#test2815'| '(RegressionTest14#test7237'| '(RegressionTest15#test7647'| '(RegressionTest16#test8059'| '(RegressionTest0#test0368'| '(RegressionTest9#test4874'| '(RegressionTest7#test3612'| '(RegressionTest4#test2081'| '(RegressionTest12#test6101'| '(RegressionTest7#test3667'| '(RegressionTest15#test7832'| '(RegressionTest6#test3329'| '(RegressionTest11#test5940'| '(RegressionTest12#test6452'| '(RegressionTest18#test9421'| '(RegressionTest16#test8154'| '(RegressionTest6#test3407'| '(RegressionTest9#test4557'| '(RegressionTest5#test2563'| '(RegressionTest9#test4936'| '(RegressionTest7#test3643'| '(RegressionTest2#test1047'| '(RegressionTest13#test6674'| '(RegressionTest9#test4996'| '(RegressionTest11#test5974'| '(RegressionTest4#test2427'| '(RegressionTest7#test3848'| '(RegressionTest11#test5520'| '(RegressionTest5#test2580'| '(RegressionTest1#test0645'| '(RegressionTest13#test6700'| '(RegressionTest9#test4866'| '(RegressionTest10#test5028'| '(RegressionTest9#test4880'| '(RegressionTest15#test7662'| '(RegressionTest13#test6516'| '(RegressionTest5#test2559'| '(RegressionTest11#test5744'| '(RegressionTest8#test4362'| '(RegressionTest12#test6431'| '(RegressionTest6#test3389'| '(RegressionTest13#test6723'| '(RegressionTest18#test9274'| '(RegressionTest10#test5147'},/home/CIN/lmps2/semanticConflicts/SMAT/output-test-dest/spring-boot/6664ce19d6f2388ebd6cf54763f54fdddd226b9a/randoop-modified_10,org.springframework.boot.jta.atomikos.AtomikosProperties | java.util.Properties,asProperties(),set(),original
spring-boot,b5709fd6183bb283b7294b77a477528e03483d10,544d51656,NOT-REQUIRED,6664ce19d6f2388ebd6cf54763f54fdddd226b9a,EVOSUITE,True,FIRST_CRITERION,{'AtomikosProperties_ESTest#test35'| 'AtomikosProperties_ESTest#test03'| 'AtomikosProperties_ESTest#test15'| 'AtomikosProperties_ESTest#test46'| 'AtomikosProperties_ESTest#test16'| 'AtomikosProperties_ESTest#test04'| 'AtomikosProperties_ESTest#test14'| 'AtomikosProperties_ESTest#test45'| 'AtomikosProperties_ESTest#test30'| 'AtomikosProperties_ESTest#test23'| 'AtomikosProperties_ESTest#test20'| 'AtomikosProperties_ESTest#test41'| 'AtomikosProperties_ESTest#test44'| 'AtomikosProperties_ESTest#test31'},/home/CIN/lmps2/semanticConflicts/SMAT/output-test-dest/spring-boot/6664ce19d6f2388ebd6cf54763f54fdddd226b9a/evosuite_22,org.springframework.boot.jta.atomikos.AtomikosProperties | java.util.Properties,asProperties(),set(),transformed
spring-boot,b5709fd6183bb283b7294b77a477528e03483d10,337e64526,NOT-REQUIRED,6664ce19d6f2388ebd6cf54763f54fdddd226b9a,DIFFERENTIAL-EVOSUITE,True,FIRST_CRITERION,{'AtomikosProperties_ESTest#test0'},/home/CIN/lmps2/semanticConflicts/SMAT/output-test-dest/spring-boot/6664ce19d6f2388ebd6cf54763f54fdddd226b9a/evosuite_23,org.springframework.boot.jta.atomikos.AtomikosProperties | java.util.Properties,asProperties(),set(),transformed
spring-boot,b5709fd6183bb283b7294b77a477528e03483d10,544d51656,NOT-REQUIRED,6664ce19d6f2388ebd6cf54763f54fdddd226b9a,DIFFERENTIAL-EVOSUITE,True,FIRST_CRITERION,{'AtomikosProperties_ESTest#test0'},/home/CIN/lmps2/semanticConflicts/SMAT/output-test-dest/spring-boot/6664ce19d6f2388ebd6cf54763f54fdddd226b9a/evosuite_24,org.springframework.boot.jta.atomikos.AtomikosProperties | java.util.Properties,asProperties(),set(),transformed
spring-boot,b5709fd6183bb283b7294b77a477528e03483d10,337e64526,NOT-REQUIRED,6664ce19d6f2388ebd6cf54763f54fdddd226b9a,RANDOOP,True,FIRST_CRITERION,{'(RegressionTest13#test06584'| '(RegressionTest7#test03642'| '(RegressionTest1#test00677'| '(RegressionTest14#test07181'| '(RegressionTest18#test09348'| '(RegressionTest3#test01586'| '(RegressionTest8#test04223'| '(RegressionTest3#test01944'| '(RegressionTest19#test09720'| '(RegressionTest20#test10288'| '(RegressionTest18#test09344'},/home/CIN/lmps2/semanticConflicts/SMAT/output-test-dest/spring-boot/6664ce19d6f2388ebd6cf54763f54fdddd226b9a/randoop_21,org.springframework.boot.jta.atomikos.AtomikosProperties | java.util.Properties,asProperties(),set(),transformed
spring-boot,b5709fd6183bb283b7294b77a477528e03483d10,544d51656,NOT-REQUIRED,6664ce19d6f2388ebd6cf54763f54fdddd226b9a,RANDOOP,True,FIRST_CRITERION,{'(RegressionTest10#test5439'| '(RegressionTest6#test3154'| '(RegressionTest8#test4259'| '(RegressionTest16#test8183'| '(RegressionTest7#test3963'| '(RegressionTest1#test0561'| '(RegressionTest11#test5676'| '(RegressionTest8#test4186'| '(RegressionTest13#test6738'| '(RegressionTest17#test8791'| '(RegressionTest4#test2252'| '(RegressionTest12#test6012'| '(RegressionTest18#test9221'| '(RegressionTest0#test0313'| '(RegressionTest2#test1083'| '(RegressionTest1#test0533'| '(RegressionTest2#test1287'| '(RegressionTest10#test5445'| '(RegressionTest13#test6523'| '(RegressionTest15#test7845'| '(RegressionTest8#test4212'| '(RegressionTest15#test7968'| '(RegressionTest2#test1430'| '(RegressionTest11#test5626'| '(RegressionTest14#test7489'| '(RegressionTest5#test2633'| '(RegressionTest15#test7950'| '(RegressionTest17#test8527'| '(RegressionTest18#test9172'| '(RegressionTest14#test7086'| '(RegressionTest5#test2688'| '(RegressionTest14#test7465'| '(RegressionTest16#test8100'| '(RegressionTest8#test4410'| '(RegressionTest7#test3732'| '(RegressionTest9#test4689'| '(RegressionTest6#test3331'| '(RegressionTest3#test1605'| '(RegressionTest5#test2676'| '(RegressionTest4#test2142'| '(RegressionTest4#test2318'| '(RegressionTest2#test1021'| '(RegressionTest6#test3117'| '(RegressionTest14#test7294'| '(RegressionTest7#test3604'| '(RegressionTest9#test4733'| '(RegressionTest7#test3888'| '(RegressionTest10#test5215'| '(RegressionTest5#test2648'| '(RegressionTest12#test6359'| '(RegressionTest5#test2959'| '(RegressionTest12#test6440'| '(RegressionTest2#test1248'| '(RegressionTest5#test2941'| '(RegressionTest16#test8102'| '(RegressionTest4#test2320'| '(RegressionTest17#test8686'| '(RegressionTest10#test5082'| '(RegressionTest17#test8867'| '(RegressionTest11#test5518'| '(RegressionTest8#test4137'| '(RegressionTest9#test4677'| '(RegressionTest10#test5272'| '(RegressionTest13#test6887'| '(RegressionTest6#test3371'| '(RegressionTest1#test0569'| '(RegressionTest18#test9146'| '(RegressionTest17#test8985'| '(RegressionTest10#test5245'| '(RegressionTest9#test4810'| '(RegressionTest6#test3202'| '(RegressionTest2#test1448'| '(RegressionTest8#test4174'| '(RegressionTest9#test4642'| '(RegressionTest6#test3448'| '(RegressionTest10#test5499'| '(RegressionTest4#test2213'| '(RegressionTest0#test0088'| '(RegressionTest2#test1171'| '(RegressionTest8#test4431'| '(RegressionTest5#test2807'| '(RegressionTest12#test6231'| '(RegressionTest1#test0697'| '(RegressionTest6#test3003'| '(RegressionTest6#test3259'| '(RegressionTest2#test1109'| '(RegressionTest15#test7995'| '(RegressionTest0#test0218'| '(RegressionTest1#test0610'| '(RegressionTest0#test0144'| '(RegressionTest16#test8399'| '(RegressionTest17#test8980'| '(RegressionTest12#test6465'| '(RegressionTest8#test4047'| '(RegressionTest3#test1792'| '(RegressionTest5#test2691'| '(RegressionTest18#test9128'| '(RegressionTest18#test9125'| '(RegressionTest1#test0789'| '(RegressionTest17#test8792'| '(RegressionTest9#test4570'| '(RegressionTest0#test0268'| '(RegressionTest15#test7511'| '(RegressionTest6#test3137'| '(RegressionTest7#test3645'| '(RegressionTest11#test5565'| '(RegressionTest11#test5697'| '(RegressionTest7#test3580'| '(RegressionTest14#test7433'| '(RegressionTest15#test7833'| '(RegressionTest4#test2372'| '(RegressionTest6#test3393'| '(RegressionTest7#test3654'| '(RegressionTest13#test6531'| '(RegressionTest13#test6639'| '(RegressionTest11#test5682'| '(RegressionTest13#test6655'| '(RegressionTest15#test7697'| '(RegressionTest12#test6250'| '(RegressionTest7#test3722'| '(RegressionTest6#test3445'| '(RegressionTest16#test8333'| '(RegressionTest7#test3972'| '(RegressionTest11#test5916'| '(RegressionTest8#test4228'| '(RegressionTest1#test0791'| '(RegressionTest7#test3546'| '(RegressionTest4#test2149'| '(RegressionTest0#test0471'| '(RegressionTest18#test9144'| '(RegressionTest2#test1214'| '(RegressionTest0#test0121'| '(RegressionTest4#test2387'| '(RegressionTest5#test2610'| '(RegressionTest2#test1460'| '(RegressionTest4#test2202'| '(RegressionTest3#test1754'| '(RegressionTest2#test1121'| '(RegressionTest7#test3780'| '(RegressionTest15#test7914'| '(RegressionTest8#test4068'| '(RegressionTest8#test4096'| '(RegressionTest7#test3886'| '(RegressionTest9#test4619'| '(RegressionTest1#test0679'| '(RegressionTest3#test1765'| '(RegressionTest11#test5702'| '(RegressionTest1#test0828'| '(RegressionTest18#test9209'| '(RegressionTest17#test8833'| '(RegressionTest10#test5243'| '(RegressionTest1#test0506'| '(RegressionTest14#test7112'| '(RegressionTest10#test5185'| '(RegressionTest5#test2579'| '(RegressionTest2#test1075'| '(RegressionTest14#test7227'| '(RegressionTest12#test6053'| '(RegressionTest17#test8926'| '(RegressionTest14#test7251'| '(RegressionTest14#test7191'| '(RegressionTest3#test1758'| '(RegressionTest7#test3713'| '(RegressionTest9#test4896'| '(RegressionTest1#test0512'| '(RegressionTest16#test8057'| '(RegressionTest7#test3510'| '(RegressionTest8#test4460'| '(RegressionTest12#test6332'| '(RegressionTest16#test8235'| '(RegressionTest8#test4440'| '(RegressionTest9#test4650'| '(RegressionTest17#test8739'| '(RegressionTest1#test0758'| '(RegressionTest7#test3964'| '(RegressionTest2#test1340'| '(RegressionTest0#test0173'| '(RegressionTest11#test5605'| '(RegressionTest8#test4048'| '(RegressionTest7#test3837'| '(RegressionTest3#test1887'| '(RegressionTest1#test0916'| '(RegressionTest17#test8667'| '(RegressionTest6#test3299'| '(RegressionTest10#test5171'| '(RegressionTest14#test7203'| '(RegressionTest1#test0948'| '(RegressionTest6#test3145'| '(RegressionTest15#test7846'| '(RegressionTest10#test5491'| '(RegressionTest1#test0627'| '(RegressionTest1#test0861'| '(RegressionTest10#test5105'| '(RegressionTest2#test1068'| '(RegressionTest1#test0508'| '(RegressionTest6#test3237'| '(RegressionTest18#test9094'| '(RegressionTest13#test6707'| '(RegressionTest15#test7929'| '(RegressionTest10#test5323'| '(RegressionTest0#test0452'| '(RegressionTest4#test2186'| '(RegressionTest10#test5238'| '(RegressionTest8#test4404'| '(RegressionTest5#test2538'| '(RegressionTest18#test9181'| '(RegressionTest3#test1506'| '(RegressionTest10#test5193'| '(RegressionTest17#test8866'| '(RegressionTest3#test1925'| '(RegressionTest16#test8220'| '(RegressionTest3#test1763'| '(RegressionTest5#test2789'| '(RegressionTest5#test2725'| '(RegressionTest16#test8033'| '(RegressionTest8#test4052'| '(RegressionTest17#test8603'| '(RegressionTest15#test7625'| '(RegressionTest17#test8586'| '(RegressionTest8#test4394'| '(RegressionTest8#test4206'| '(RegressionTest17#test8735'| '(RegressionTest12#test6061'| '(RegressionTest9#test4685'| '(RegressionTest12#test6117'| '(RegressionTest3#test1609'| '(RegressionTest0#test0266'| '(RegressionTest1#test0767'| '(RegressionTest18#test9297'| '(RegressionTest12#test6276'| '(RegressionTest11#test5708'| '(RegressionTest3#test1799'| '(RegressionTest14#test7434'| '(RegressionTest16#test8404'| '(RegressionTest15#test7633'| '(RegressionTest14#test7222'| '(RegressionTest5#test2629'| '(RegressionTest4#test2310'| '(RegressionTest2#test1337'| '(RegressionTest6#test3009'| '(RegressionTest3#test1619'| '(RegressionTest6#test3411'| '(RegressionTest4#test2365'| '(RegressionTest9#test4750'| '(RegressionTest5#test2893'| '(RegressionTest17#test8740'| '(RegressionTest10#test5021'| '(RegressionTest13#test6694'| '(RegressionTest10#test5242'| '(RegressionTest5#test2684'| '(RegressionTest4#test2183'| '(RegressionTest8#test4062'| '(RegressionTest3#test1943'| '(RegressionTest11#test5832'| '(RegressionTest1#test0609'| '(RegressionTest3#test1806'| '(RegressionTest14#test7063'| '(RegressionTest0#test0376'| '(RegressionTest4#test2491'| '(RegressionTest1#test0580'| '(RegressionTest8#test4354'| '(RegressionTest12#test6355'| '(RegressionTest2#test1155'| '(RegressionTest11#test5634'| '(RegressionTest2#test1124'| '(RegressionTest12#test6408'| '(RegressionTest11#test5611'| '(RegressionTest14#test7475'| '(RegressionTest17#test8560'| '(RegressionTest13#test6749'| '(RegressionTest4#test2409'| '(RegressionTest7#test3816'| '(RegressionTest16#test8388'| '(RegressionTest9#test4751'| '(RegressionTest6#test3049'| '(RegressionTest17#test8655'| '(RegressionTest9#test4672'| '(RegressionTest17#test8618'| '(RegressionTest13#test6782'| '(RegressionTest11#test5691'| '(RegressionTest8#test4315'| '(RegressionTest2#test1351'| '(RegressionTest15#test7792'| '(RegressionTest18#test9248'| '(RegressionTest1#test0644'| '(RegressionTest8#test4128'| '(RegressionTest1#test0664'| '(RegressionTest4#test2407'| '(RegressionTest5#test2519'| '(RegressionTest18#test9323'| '(RegressionTest7#test3991'| '(RegressionTest10#test5437'| '(RegressionTest13#test6774'| '(RegressionTest5#test2615'| '(RegressionTest2#test1179'| '(RegressionTest4#test2026'| '(RegressionTest6#test3416'| '(RegressionTest13#test6954'| '(RegressionTest3#test1793'| '(RegressionTest6#test3045'| '(RegressionTest10#test5237'| '(RegressionTest15#test7521'| '(RegressionTest6#test3057'| '(RegressionTest15#test7796'| '(RegressionTest6#test3346'| '(RegressionTest10#test5343'| '(RegressionTest7#test3622'| '(RegressionTest0#test0486'| '(RegressionTest5#test2733'| '(RegressionTest5#test2737'| '(RegressionTest14#test7015'| '(RegressionTest4#test2001'| '(RegressionTest12#test6352'| '(RegressionTest5#test2540'| '(RegressionTest14#test7019'| '(RegressionTest0#test0183'| '(RegressionTest15#test7556'| '(RegressionTest5#test2905'| '(RegressionTest3#test1718'| '(RegressionTest1#test0841'| '(RegressionTest15#test7637'| '(RegressionTest15#test7908'| '(RegressionTest2#test1469'| '(RegressionTest2#test1434'| '(RegressionTest6#test3006'| '(RegressionTest2#test1321'| '(RegressionTest11#test5812'| '(RegressionTest17#test8518'| '(RegressionTest5#test2559'| '(RegressionTest2#test1104'| '(RegressionTest14#test7033'| '(RegressionTest3#test1927'| '(RegressionTest8#test4433'| '(RegressionTest18#test9268'| '(RegressionTest4#test2047'| '(RegressionTest5#test2642'| '(RegressionTest14#test7197'| '(RegressionTest2#test1316'| '(RegressionTest13#test6611'| '(RegressionTest0#test0108'| '(RegressionTest10#test5153'| '(RegressionTest2#test1282'| '(RegressionTest0#test0102'| '(RegressionTest17#test8937'| '(RegressionTest0#test0073'| '(RegressionTest3#test1858'| '(RegressionTest13#test6799'| '(RegressionTest17#test8515'| '(RegressionTest17#test8846'| '(RegressionTest8#test4185'| '(RegressionTest17#test8532'| '(RegressionTest17#test8796'| '(RegressionTest4#test2411'| '(RegressionTest2#test1500'| '(RegressionTest0#test0435'| '(RegressionTest7#test3647'| '(RegressionTest11#test5584'| '(RegressionTest8#test4198'| '(RegressionTest0#test0200'| '(RegressionTest15#test7734'| '(RegressionTest0#test0169'| '(RegressionTest5#test2625'| '(RegressionTest10#test5383'| '(RegressionTest18#test9170'| '(RegressionTest8#test4284'| '(RegressionTest10#test5402'| '(RegressionTest9#test4826'| '(RegressionTest7#test3617'| '(RegressionTest9#test4742'| '(RegressionTest0#test0341'| '(RegressionTest7#test3864'| '(RegressionTest1#test0818'| '(RegressionTest13#test6836'| '(RegressionTest6#test3383'| '(RegressionTest8#test4189'| '(RegressionTest15#test7960'| '(RegressionTest1#test0582'| '(RegressionTest16#test8398'| '(RegressionTest12#test6232'| '(RegressionTest9#test4586'| '(RegressionTest17#test8884'| '(RegressionTest1#test0732'| '(RegressionTest9#test4543'| '(RegressionTest3#test1687'| '(RegressionTest8#test4173'| '(RegressionTest11#test5578'| '(RegressionTest3#test1638'| '(RegressionTest12#test6240'| '(RegressionTest15#test7935'| '(RegressionTest1#test0821'| '(RegressionTest5#test2627'| '(RegressionTest12#test6394'| '(RegressionTest15#test7735'| '(RegressionTest6#test3290'| '(RegressionTest9#test4716'| '(RegressionTest8#test4026'| '(RegressionTest8#test4136'| '(RegressionTest6#test3150'| '(RegressionTest13#test6901'| '(RegressionTest1#test0691'| '(RegressionTest3#test1933'| '(RegressionTest14#test7045'| '(RegressionTest14#test7022'| '(RegressionTest18#test9133'| '(RegressionTest0#test0407'| '(RegressionTest15#test7685'| '(RegressionTest7#test3891'| '(RegressionTest13#test6684'| '(RegressionTest15#test7525'| '(RegressionTest10#test5403'| '(RegressionTest7#test3568'| '(RegressionTest16#test8251'| '(RegressionTest7#test3746'| '(RegressionTest3#test1677'| '(RegressionTest9#test4922'| '(RegressionTest13#test6530'| '(RegressionTest17#test8665'| '(RegressionTest12#test6215'| '(RegressionTest2#test1325'| '(RegressionTest13#test6770'| '(RegressionTest4#test2495'| '(RegressionTest4#test2284'| '(RegressionTest16#test8442'| '(RegressionTest13#test6616'| '(RegressionTest7#test3935'| '(RegressionTest15#test7757'| '(RegressionTest7#test3727'| '(RegressionTest17#test8828'| '(RegressionTest5#test2501'| '(RegressionTest2#test1283'| '(RegressionTest5#test2760'| '(RegressionTest12#test6308'| '(RegressionTest8#test4297'| '(RegressionTest13#test6572'| '(RegressionTest14#test7459'| '(RegressionTest10#test5374'| '(RegressionTest10#test5024'| '(RegressionTest2#test1042'| '(RegressionTest8#test4273'| '(RegressionTest15#test7614'| '(RegressionTest13#test6882'| '(RegressionTest17#test8905'| '(RegressionTest14#test7228'| '(RegressionTest13#test6794'| '(RegressionTest1#test0874'| '(RegressionTest12#test6298'| '(RegressionTest18#test9219'| '(RegressionTest5#test2673'| '(RegressionTest3#test1523'| '(RegressionTest3#test1707'| '(RegressionTest8#test4453'| '(RegressionTest8#test4109'| '(RegressionTest3#test1874'| '(RegressionTest8#test4146'| '(RegressionTest5#test2971'| '(RegressionTest7#test3664'| '(RegressionTest4#test2410'| '(RegressionTest18#test9241'| '(RegressionTest2#test1170'| '(RegressionTest16#test8098'| '(RegressionTest6#test3149'| '(RegressionTest15#test7518'| '(RegressionTest7#test3735'| '(RegressionTest13#test6752'| '(RegressionTest17#test8875'| '(RegressionTest8#test4459'| '(RegressionTest8#test4445'| '(RegressionTest14#test7161'| '(RegressionTest14#test7057'| '(RegressionTest5#test2533'| '(RegressionTest14#test7405'| '(RegressionTest17#test8948'| '(RegressionTest14#test7017'| '(RegressionTest6#test3135'| '(RegressionTest9#test4533'| '(RegressionTest0#test0319'| '(RegressionTest1#test0800'| '(RegressionTest0#test0281'| '(RegressionTest6#test3218'| '(RegressionTest18#test9132'| '(RegressionTest18#test9191'| '(RegressionTest8#test4195'| '(RegressionTest16#test8044'| '(RegressionTest1#test0837'| '(RegressionTest3#test1780'| '(RegressionTest7#test3778'| '(RegressionTest17#test8540'| '(RegressionTest15#test7570'| '(RegressionTest5#test2946'| '(RegressionTest3#test1742'| '(RegressionTest14#test7186'| '(RegressionTest15#test7620'| '(RegressionTest2#test1419'| '(RegressionTest4#test2471'| '(RegressionTest17#test8538'| '(RegressionTest9#test4905'| '(RegressionTest4#test2469'| '(RegressionTest4#test2459'| '(RegressionTest15#test7612'| '(RegressionTest1#test0571'| '(RegressionTest14#test7309'| '(RegressionTest16#test8221'| '(RegressionTest6#test3412'| '(RegressionTest1#test0531'| '(RegressionTest11#test5836'| '(RegressionTest7#test3637'| '(RegressionTest3#test1633'| '(RegressionTest2#test1029'| '(RegressionTest12#test6193'| '(RegressionTest15#test7902'| '(RegressionTest3#test1787'| '(RegressionTest15#test7545'| '(RegressionTest13#test6660'| '(RegressionTest14#test7029'| '(RegressionTest5#test2786'| '(RegressionTest13#test6736'| '(RegressionTest0#test0028'| '(RegressionTest4#test2197'| '(RegressionTest14#test7183'| '(RegressionTest7#test3638'| '(RegressionTest15#test7565'| '(RegressionTest5#test2729'| '(RegressionTest7#test3560'| '(RegressionTest2#test1034'| '(RegressionTest16#test8217'| '(RegressionTest6#test3489'| '(RegressionTest11#test5839'| '(RegressionTest0#test0111'| '(RegressionTest18#test9257'| '(RegressionTest16#test8212'| '(RegressionTest9#test4523'| '(RegressionTest1#test0996'| '(RegressionTest15#test7738'| '(RegressionTest15#test7818'| '(RegressionTest3#test1969'| '(RegressionTest1#test0721'| '(RegressionTest11#test5598'| '(RegressionTest5#test2747'| '(RegressionTest8#test4182'| '(RegressionTest18#test9062'| '(RegressionTest0#test0425'| '(RegressionTest18#test9224'| '(RegressionTest8#test4285'| '(RegressionTest17#test8693'| '(RegressionTest14#test7382'| '(RegressionTest18#test9137'| '(RegressionTest9#test4633'| '(RegressionTest16#test8240'| '(RegressionTest13#test6648'| '(RegressionTest5#test2523'| '(RegressionTest2#test1070'| '(RegressionTest17#test8958'| '(RegressionTest15#test7670'| '(RegressionTest16#test8346'| '(RegressionTest8#test4493'| '(RegressionTest8#test4381'| '(RegressionTest16#test8402'| '(RegressionTest16#test8275'| '(RegressionTest1#test0934'| '(RegressionTest0#test0439'| '(RegressionTest3#test1634'| '(RegressionTest5#test2744'| '(RegressionTest7#test3524'| '(RegressionTest11#test5879'| '(RegressionTest5#test2651'| '(RegressionTest13#test6564'| '(RegressionTest10#test5352'| '(RegressionTest2#test1396'| '(RegressionTest13#test6520'| '(RegressionTest2#test1452'| '(RegressionTest2#test1272'| '(RegressionTest0#test0119'| '(RegressionTest14#test7021'| '(RegressionTest8#test4063'| '(RegressionTest13#test6805'| '(RegressionTest11#test5816'| '(RegressionTest0#test0476'| '(RegressionTest11#test5752'| '(RegressionTest16#test8473'| '(RegressionTest13#test6898'| '(RegressionTest16#test8244'| '(RegressionTest13#test6513'| '(RegressionTest8#test4071'| '(RegressionTest16#test8193'| '(RegressionTest9#test4516'| '(RegressionTest4#test2246'| '(RegressionTest18#test9040'| '(RegressionTest10#test5170'| '(RegressionTest5#test2554'| '(RegressionTest17#test8730'| '(RegressionTest0#test0438'| '(RegressionTest14#test7135'| '(RegressionTest13#test6934'| '(RegressionTest10#test5435'| '(RegressionTest4#test2067'| '(RegressionTest7#test3529'| '(RegressionTest5#test2555'| '(RegressionTest2#test1311'| '(RegressionTest7#test3518'| '(RegressionTest7#test3992'| '(RegressionTest12#test6050'| '(RegressionTest8#test4312'| '(RegressionTest8#test4282'| '(RegressionTest12#test6338'| '(RegressionTest11#test5851'| '(RegressionTest2#test1354'| '(RegressionTest7#test3536'| '(RegressionTest15#test7927'| '(RegressionTest4#test2163'| '(RegressionTest2#test1437'| '(RegressionTest7#test3904'| '(RegressionTest17#test8594'| '(RegressionTest11#test5860'| '(RegressionTest14#test7187'| '(RegressionTest14#test7260'| '(RegressionTest8#test4030'| '(RegressionTest0#test0012'| '(RegressionTest3#test1896'| '(RegressionTest16#test8302'| '(RegressionTest11#test5701'| '(RegressionTest8#test4160'| '(RegressionTest10#test5168'| '(RegressionTest5#test2795'| '(RegressionTest9#test4697'| '(RegressionTest2#test1002'| '(RegressionTest16#test8435'| '(RegressionTest12#test6139'| '(RegressionTest0#test0460'| '(RegressionTest11#test5829'| '(RegressionTest9#test4667'| '(RegressionTest18#test9103'| '(RegressionTest13#test6709'| '(RegressionTest6#test3116'| '(RegressionTest3#test1559'| '(RegressionTest3#test1561'| '(RegressionTest7#test3526'| '(RegressionTest6#test3288'| '(RegressionTest13#test6873'| '(RegressionTest9#test4924'| '(RegressionTest1#test0855'| '(RegressionTest7#test3661'| '(RegressionTest1#test0657'| '(RegressionTest0#test0101'| '(RegressionTest16#test8254'| '(RegressionTest2#test1457'| '(RegressionTest16#test8386'| '(RegressionTest0#test0322'| '(RegressionTest2#test1286'| '(RegressionTest18#test9082'| '(RegressionTest1#test0521'| '(RegressionTest0#test0368'| '(RegressionTest14#test7250'| '(RegressionTest16#test8427'| '(RegressionTest1#test0860'| '(RegressionTest7#test3844'| '(RegressionTest10#test5065'| '(RegressionTest11#test5922'| '(RegressionTest8#test4280'| '(RegressionTest15#test7689'| '(RegressionTest15#test7560'| '(RegressionTest8#test4193'| '(RegressionTest9#test4936'| '(RegressionTest2#test1267'| '(RegressionTest2#test1017'| '(RegressionTest8#test4140'| '(RegressionTest1#test0927'| '(RegressionTest12#test6432'| '(RegressionTest4#test2340'| '(RegressionTest8#test4141'| '(RegressionTest5#test2835'| '(RegressionTest1#test0781'| '(RegressionTest16#test8288'| '(RegressionTest1#test0503'| '(RegressionTest9#test4782'| '(RegressionTest10#test5226'| '(RegressionTest4#test2017'| '(RegressionTest17#test8550'| '(RegressionTest3#test1790'| '(RegressionTest11#test5744'| '(RegressionTest16#test8488'| '(RegressionTest15#test7731'| '(RegressionTest5#test2768'| '(RegressionTest1#test0750'| '(RegressionTest10#test5187'| '(RegressionTest5#test2906'| '(RegressionTest15#test7671'| '(RegressionTest18#test9148'| '(RegressionTest15#test7550'| '(RegressionTest2#test1382'| '(RegressionTest15#test7635'| '(RegressionTest5#test2656'| '(RegressionTest8#test4172'| '(RegressionTest15#test7820'| '(RegressionTest5#test2912'| '(RegressionTest16#test8017'| '(RegressionTest1#test0858'| '(RegressionTest14#test7121'| '(RegressionTest17#test8970'| '(RegressionTest4#test2270'| '(RegressionTest2#test1439'| '(RegressionTest10#test5366'| '(RegressionTest11#test5927'| '(RegressionTest11#test5653'| '(RegressionTest10#test5120'| '(RegressionTest17#test8841'| '(RegressionTest17#test8761'| '(RegressionTest5#test2854'| '(RegressionTest13#test6755'| '(RegressionTest8#test4447'| '(RegressionTest15#test7615'| '(RegressionTest13#test6510'| '(RegressionTest4#test2138'| '(RegressionTest2#test1217'| '(RegressionTest0#test0243'| '(RegressionTest1#test0994'| '(RegressionTest12#test6084'| '(RegressionTest16#test8232'| '(RegressionTest15#test7981'| '(RegressionTest1#test0616'| '(RegressionTest15#test7850'| '(RegressionTest6#test3376'| '(RegressionTest10#test5196'| '(RegressionTest6#test3114'| '(RegressionTest2#test1446'| '(RegressionTest6#test3084'| '(RegressionTest1#test0694'| '(RegressionTest8#test4087'| '(RegressionTest1#test0682'| '(RegressionTest4#test2325'| '(RegressionTest1#test0607'| '(RegressionTest15#test7577'| '(RegressionTest7#test3642'| '(RegressionTest4#test2449'| '(RegressionTest2#test1347'| '(RegressionTest4#test2339'| '(RegressionTest2#test1225'| '(RegressionTest3#test1604'| '(RegressionTest12#test6278'| '(RegressionTest2#test1216'| '(RegressionTest4#test2008'| '(RegressionTest15#test7848'| '(RegressionTest1#test0551'| '(RegressionTest12#test6450'| '(RegressionTest6#test3126'| '(RegressionTest9#test4760'| '(RegressionTest10#test5447'| '(RegressionTest18#test9008'| '(RegressionTest17#test8674'| '(RegressionTest17#test8817'| '(RegressionTest1#test0632'| '(RegressionTest7#test3946'| '(RegressionTest6#test3275'| '(RegressionTest15#test7626'| '(RegressionTest2#test1125'| '(RegressionTest9#test4604'| '(RegressionTest10#test5235'| '(RegressionTest7#test3852'| '(RegressionTest0#test0441'| '(RegressionTest1#test0681'| '(RegressionTest14#test7127'| '(RegressionTest9#test4926'| '(RegressionTest7#test3929'| '(RegressionTest17#test8546'| '(RegressionTest15#test7884'| '(RegressionTest9#test4592'| '(RegressionTest7#test3902'| '(RegressionTest18#test9033'| '(RegressionTest17#test8610'| '(RegressionTest12#test6466'| '(RegressionTest6#test3464'| '(RegressionTest14#test7220'| '(RegressionTest9#test4766'| '(RegressionTest11#test5704'| '(RegressionTest2#test1212'| '(RegressionTest17#test8752'| '(RegressionTest8#test4384'| '(RegressionTest14#test7480'| '(RegressionTest0#test0273'| '(RegressionTest11#test5730'| '(RegressionTest17#test8979'| '(RegressionTest10#test5050'| '(RegressionTest16#test8078'| '(RegressionTest17#test8648'| '(RegressionTest3#test1838'| '(RegressionTest13#test6676'| '(RegressionTest6#test3402'| '(RegressionTest10#test5144'| '(RegressionTest0#test0297'| '(RegressionTest16#test8196'| '(RegressionTest4#test2006'| '(RegressionTest10#test5372'| '(RegressionTest13#test6949'| '(RegressionTest10#test5240'| '(RegressionTest10#test5418'| '(RegressionTest2#test1405'| '(RegressionTest2#test1183'| '(RegressionTest10#test5156'| '(RegressionTest15#test7599'| '(RegressionTest6#test3377'| '(RegressionTest6#test3406'| '(RegressionTest0#test0015'| '(RegressionTest3#test1968'| '(RegressionTest15#test7631'| '(RegressionTest15#test7711'| '(RegressionTest5#test2754'| '(RegressionTest3#test1551'| '(RegressionTest15#test7962'| '(RegressionTest14#test7342'| '(RegressionTest3#test1983'| '(RegressionTest4#test2341'| '(RegressionTest7#test3882'| '(RegressionTest7#test3729'| '(RegressionTest4#test2478'| '(RegressionTest11#test5509'| '(RegressionTest0#test0370'| '(RegressionTest1#test0650'| '(RegressionTest13#test6501'| '(RegressionTest8#test4253'| '(RegressionTest2#test1315'| '(RegressionTest3#test1614'| '(RegressionTest16#test8307'| '(RegressionTest12#test6267'| '(RegressionTest2#test1387'| '(RegressionTest6#test3153'| '(RegressionTest9#test4788'| '(RegressionTest2#test1057'| '(RegressionTest6#test3170'| '(RegressionTest16#test8457'| '(RegressionTest9#test4651'| '(RegressionTest10#test5123'| '(RegressionTest15#test7973'| '(RegressionTest14#test7048'| '(RegressionTest11#test5735'| '(RegressionTest8#test4341'| '(RegressionTest3#test1571'| '(RegressionTest0#test0099'| '(RegressionTest2#test1173'| '(RegressionTest5#test2701'| '(RegressionTest13#test6754'| '(RegressionTest15#test7509'| '(RegressionTest5#test2966'| '(RegressionTest3#test1643'| '(RegressionTest3#test1788'| '(RegressionTest6#test3462'| '(RegressionTest13#test6816'| '(RegressionTest1#test0618'| '(RegressionTest5#test2794'| '(RegressionTest5#test2797'| '(RegressionTest6#test3134'| '(RegressionTest4#test2165'| '(RegressionTest13#test6900'| '(RegressionTest9#test4681'| '(RegressionTest14#test7359'| '(RegressionTest17#test8871'| '(RegressionTest0#test0474'| '(RegressionTest18#test9157'| '(RegressionTest2#test1391'| '(RegressionTest14#test7193'| '(RegressionTest3#test1656'| '(RegressionTest11#test5828'| '(RegressionTest9#test4589'| '(RegressionTest6#test3443'| '(RegressionTest5#test2674'| '(RegressionTest17#test8633'| '(RegressionTest17#test8873'| '(RegressionTest8#test4153'| '(RegressionTest1#test0542'| '(RegressionTest11#test5779'| '(RegressionTest8#test4369'| '(RegressionTest11#test5997'| '(RegressionTest2#test1028'| '(RegressionTest10#test5158'| '(RegressionTest15#test7559'| '(RegressionTest12#test6277'| '(RegressionTest13#test6889'| '(RegressionTest8#test4389'| '(RegressionTest11#test5740'| '(RegressionTest9#test4949'| '(RegressionTest0#test0429'| '(RegressionTest5#test2922'| '(RegressionTest17#test8999'| '(RegressionTest12#test6429'| '(RegressionTest2#test1148'| '(RegressionTest3#test1693'| '(RegressionTest12#test6260'| '(RegressionTest3#test1622'| '(RegressionTest2#test1467'| '(RegressionTest14#test7386'| '(RegressionTest16#test8161'| '(RegressionTest15#test7834'| '(RegressionTest5#test2827'| '(RegressionTest1#test0866'| '(RegressionTest6#test3200'| '(RegressionTest8#test4082'| '(RegressionTest3#test1824'| '(RegressionTest5#test2881'| '(RegressionTest16#test8014'| '(RegressionTest3#test1584'| '(RegressionTest17#test8736'| '(RegressionTest12#test6486'| '(RegressionTest1#test0526'| '(RegressionTest18#test9290'| '(RegressionTest4#test2090'| '(RegressionTest8#test4183'| '(RegressionTest13#test6763'| '(RegressionTest3#test1576'| '(RegressionTest15#test7648'| '(RegressionTest17#test8974'| '(RegressionTest0#test0242'| '(RegressionTest15#test7649'| '(RegressionTest3#test1945'| '(RegressionTest6#test3456'| '(RegressionTest0#test0289'| '(RegressionTest5#test2562'| '(RegressionTest18#test9171'| '(RegressionTest4#test2277'| '(RegressionTest8#test4060'| '(RegressionTest4#test2455'| '(RegressionTest8#test4252'| '(RegressionTest13#test6585'| '(RegressionTest5#test2791'| '(RegressionTest9#test4684'| '(RegressionTest10#test5314'| '(RegressionTest11#test5906'| '(RegressionTest9#test4528'| '(RegressionTest1#test0524'| '(RegressionTest1#test0611'| '(RegressionTest5#test2860'| '(RegressionTest17#test8720'| '(RegressionTest8#test4350'| '(RegressionTest5#test2820'| '(RegressionTest12#test6209'| '(RegressionTest18#test9308'| '(RegressionTest13#test6626'| '(RegressionTest5#test2507'| '(RegressionTest14#test7487'| '(RegressionTest2#test1073'| '(RegressionTest14#test7320'| '(RegressionTest13#test6669'| '(RegressionTest0#test0153'| '(RegressionTest0#test0371'| '(RegressionTest17#test8815'| '(RegressionTest0#test0378'| '(RegressionTest5#test2569'| '(RegressionTest2#test1495'| '(RegressionTest1#test0566'| '(RegressionTest14#test7212'| '(RegressionTest1#test0545'| '(RegressionTest1#test0654'| '(RegressionTest10#test5076'| '(RegressionTest0#test0381'| '(RegressionTest15#test7719'| '(RegressionTest9#test4811'| '(RegressionTest9#test4712'| '(RegressionTest13#test6846'| '(RegressionTest2#test1449'| '(RegressionTest18#test9126'| '(RegressionTest16#test8250'| '(RegressionTest6#test3309'| '(RegressionTest6#test3297'| '(RegressionTest16#test8320'| '(RegressionTest0#test0415'| '(RegressionTest12#test6148'| '(RegressionTest10#test5467'| '(RegressionTest11#test5945'| '(RegressionTest18#test9089'| '(RegressionTest8#test4268'| '(RegressionTest8#test4229'| '(RegressionTest13#test6948'| '(RegressionTest13#test6826'| '(RegressionTest5#test2923'| '(RegressionTest0#test0214'| '(RegressionTest6#test3026'| '(RegressionTest14#test7452'| '(RegressionTest2#test1268'| '(RegressionTest2#test1492'| '(RegressionTest17#test8800'| '(RegressionTest10#test5210'| '(RegressionTest16#test8003'| '(RegressionTest14#test7079'| '(RegressionTest7#test3933'| '(RegressionTest0#test0093'| '(RegressionTest9#test4871'| '(RegressionTest2#test1310'| '(RegressionTest11#test5798'| '(RegressionTest5#test2977'| '(RegressionTest2#test1465'| '(RegressionTest5#test2762'| '(RegressionTest3#test1857'| '(RegressionTest12#test6324'| '(RegressionTest10#test5207'| '(RegressionTest3#test1502'| '(RegressionTest12#test6208'| '(RegressionTest3#test1635'| '(RegressionTest0#test0182'| '(RegressionTest16#test8154'| '(RegressionTest6#test3394'| '(RegressionTest17#test8567'| '(RegressionTest12#test6490'| '(RegressionTest15#test7665'| '(RegressionTest1#test0842'| '(RegressionTest5#test2597'| '(RegressionTest9#test4624'| '(RegressionTest18#test9064'| '(RegressionTest13#test6998'| '(RegressionTest7#test3565'| '(RegressionTest9#test4563'| '(RegressionTest14#test7084'| '(RegressionTest0#test0141'| '(RegressionTest8#test4045'| '(RegressionTest6#test3341'| '(RegressionTest9#test4925'| '(RegressionTest9#test4884'| '(RegressionTest5#test2568'| '(RegressionTest9#test4961'| '(RegressionTest12#test6120'| '(RegressionTest11#test5891'| '(RegressionTest3#test1876'| '(RegressionTest0#test0129'| '(RegressionTest13#test6667'| '(RegressionTest6#test3142'| '(RegressionTest7#test3905'| '(RegressionTest1#test0778'| '(RegressionTest8#test4125'| '(RegressionTest4#test2045'| '(RegressionTest4#test2285'| '(RegressionTest4#test2022'| '(RegressionTest13#test6540'| '(RegressionTest6#test3039'| '(RegressionTest6#test3088'| '(RegressionTest17#test8725'| '(RegressionTest13#test6596'| '(RegressionTest0#test0087'| '(RegressionTest4#test2032'| '(RegressionTest7#test3683'| '(RegressionTest1#test0745'| '(RegressionTest12#test6021'| '(RegressionTest2#test1441'| '(RegressionTest11#test5869'| '(RegressionTest1#test0560'| '(RegressionTest14#test7185'| '(RegressionTest6#test3196'| '(RegressionTest7#test3723'| '(RegressionTest1#test0968'| '(RegressionTest0#test0288'| '(RegressionTest11#test5721'| '(RegressionTest0#test0302'| '(RegressionTest13#test6573'| '(RegressionTest6#test3182'| '(RegressionTest2#test1131'| '(RegressionTest11#test5718'| '(RegressionTest3#test1822'| '(RegressionTest14#test7247'| '(RegressionTest1#test0868'| '(RegressionTest10#test5115'| '(RegressionTest2#test1417'| '(RegressionTest16#test8047'| '(RegressionTest14#test7044'| '(RegressionTest10#test5258'| '(RegressionTest13#test6612'| '(RegressionTest13#test6899'| '(RegressionTest2#test1016'| '(RegressionTest6#test3450'| '(RegressionTest1#test0514'| '(RegressionTest7#test3715'| '(RegressionTest9#test4774'| '(RegressionTest4#test2132'| '(RegressionTest4#test2395'| '(RegressionTest13#test6894'| '(RegressionTest9#test4704'| '(RegressionTest0#test0215'| '(RegressionTest6#test3130'| '(RegressionTest18#test9295'| '(RegressionTest15#test7922'| '(RegressionTest13#test6618'| '(RegressionTest10#test5150'| '(RegressionTest14#test7324'| '(RegressionTest12#test6105'| '(RegressionTest0#test0157'| '(RegressionTest2#test1230'| '(RegressionTest10#test5457'| '(RegressionTest4#test2196'| '(RegressionTest6#test3467'| '(RegressionTest11#test5842'| '(RegressionTest11#test5548'| '(RegressionTest11#test5921'| '(RegressionTest4#test2116'| '(RegressionTest0#test0379'| '(RegressionTest9#test4831'| '(RegressionTest15#test7934'| '(RegressionTest6#test3046'| '(RegressionTest18#test9263'| '(RegressionTest2#test1045'| '(RegressionTest1#test0748'| '(RegressionTest13#test6673'| '(RegressionTest1#test0824'| '(RegressionTest9#test4978'| '(RegressionTest8#test4292'| '(RegressionTest9#test4678'| '(RegressionTest9#test4582'| '(RegressionTest4#test2076'| '(RegressionTest14#test7445'| '(RegressionTest1#test0943'| '(RegressionTest10#test5399'| '(RegressionTest13#test6576'| '(RegressionTest10#test5424'| '(RegressionTest5#test2948'| '(RegressionTest1#test0731'| '(RegressionTest12#test6058'| '(RegressionTest5#test2613'| '(RegressionTest10#test5390'| '(RegressionTest10#test5307'| '(RegressionTest18#test9131'| '(RegressionTest11#test5953'| '(RegressionTest8#test4401'| '(RegressionTest5#test2548'| '(RegressionTest16#test8175'| '(RegressionTest5#test2753'| '(RegressionTest8#test4415'| '(RegressionTest1#test0729'| '(RegressionTest16#test8339'| '(RegressionTest14#test7420'| '(RegressionTest0#test0085'| '(RegressionTest8#test4057'| '(RegressionTest12#test6112'| '(RegressionTest9#test4735'| '(RegressionTest7#test3943'| '(RegressionTest6#test3421'| '(RegressionTest13#test6743'| '(RegressionTest13#test6683'| '(RegressionTest2#test1408'| '(RegressionTest13#test6625'| '(RegressionTest9#test4620'| '(RegressionTest9#test4911'| '(RegressionTest5#test2915'| '(RegressionTest11#test5914'| '(RegressionTest11#test5583'| '(RegressionTest5#test2503'| '(RegressionTest13#test6851'| '(RegressionTest14#test7327'| '(RegressionTest16#test8257'| '(RegressionTest16#test8194'| '(RegressionTest6#test3032'| '(RegressionTest2#test1231'| '(RegressionTest11#test5896'| '(RegressionTest14#test7245'| '(RegressionTest2#test1018'| '(RegressionTest11#test5619'| '(RegressionTest4#test2263'| '(RegressionTest4#test2317'| '(RegressionTest9#test4692'| '(RegressionTest11#test5808'| '(RegressionTest4#test2308'| '(RegressionTest2#test1461'| '(RegressionTest12#test6272'| '(RegressionTest0#test0442'| '(RegressionTest2#test1276'| '(RegressionTest18#test9244'| '(RegressionTest1#test0674'| '(RegressionTest16#test8162'| '(RegressionTest16#test8491'| '(RegressionTest15#test7733'| '(RegressionTest0#test0402'| '(RegressionTest1#test0757'| '(RegressionTest1#test0676'| '(RegressionTest0#test0189'| '(RegressionTest12#test6083'| '(RegressionTest12#test6330'| '(RegressionTest11#test5893'| '(RegressionTest16#test8315'| '(RegressionTest12#test6356'| '(RegressionTest17#test8758'| '(RegressionTest8#test4192'| '(RegressionTest16#test8045'| '(RegressionTest4#test2470'| '(RegressionTest14#test7329'| '(RegressionTest10#test5052'| '(RegressionTest11#test5950'| '(RegressionTest0#test0014'| '(RegressionTest10#test5110'| '(RegressionTest12#test6074'| '(RegressionTest13#test6834'| '(RegressionTest17#test8597'| '(RegressionTest11#test5789'| '(RegressionTest14#test7343'| '(RegressionTest9#test4655'| '(RegressionTest5#test2530'| '(RegressionTest0#test0100'| '(RegressionTest11#test5559'| '(RegressionTest17#test8663'| '(RegressionTest6#test3475'| '(RegressionTest2#test1182'| '(RegressionTest16#test8219'| '(RegressionTest16#test8415'| '(RegressionTest5#test2880'| '(RegressionTest12#test6425'| '(RegressionTest4#test2014'| '(RegressionTest7#test3827'| '(RegressionTest5#test2792'| '(RegressionTest6#test3345'| '(RegressionTest4#test2033'| '(RegressionTest13#test6800'| '(RegressionTest16#test8423'| '(RegressionTest14#test7061'| '(RegressionTest18#test9002'| '(RegressionTest17#test8685'| '(RegressionTest5#test2933'| '(RegressionTest4#test2400'| '(RegressionTest4#test2037'| '(RegressionTest12#test6059'| '(RegressionTest13#test6928'| '(RegressionTest4#test2025'| '(RegressionTest18#test9173'| '(RegressionTest13#test6821'| '(RegressionTest4#test2302'| '(RegressionTest16#test8093'| '(RegressionTest1#test0876'| '(RegressionTest14#test7317'| '(RegressionTest1#test0501'| '(RegressionTest5#test2955'| '(RegressionTest6#test3277'| '(RegressionTest3#test1575'| '(RegressionTest7#test3749'| '(RegressionTest16#test8224'| '(RegressionTest0#test0480'| '(RegressionTest6#test3334'| '(RegressionTest12#test6175'| '(RegressionTest0#test0414'| '(RegressionTest13#test6995'| '(RegressionTest18#test9041'| '(RegressionTest2#test1035'| '(RegressionTest3#test1854'| '(RegressionTest11#test5505'| '(RegressionTest10#test5413'| '(RegressionTest18#test9347'| '(RegressionTest9#test4593'| '(RegressionTest4#test2111'| '(RegressionTest14#test7170'| '(RegressionTest0#test0254'| '(RegressionTest7#test3662'| '(RegressionTest4#test2300'| '(RegressionTest12#test6274'| '(RegressionTest2#test1078'| '(RegressionTest10#test5265'| '(RegressionTest7#test3918'| '(RegressionTest2#test1416'| '(RegressionTest16#test8409'| '(RegressionTest9#test4879'| '(RegressionTest5#test2939'| '(RegressionTest11#test5506'| '(RegressionTest17#test8731'| '(RegressionTest3#test1878'| '(RegressionTest17#test8838'| '(RegressionTest10#test5249'| '(RegressionTest13#test6553'| '(RegressionTest0#test0259'| '(RegressionTest1#test0845'| '(RegressionTest14#test7495'| '(RegressionTest8#test4234'| '(RegressionTest15#test7938'| '(RegressionTest0#test0233'| '(RegressionTest2#test1205'| '(RegressionTest6#test3380'| '(RegressionTest9#test4952'| '(RegressionTest14#test7259'| '(RegressionTest7#test3516'| '(RegressionTest7#test3776'| '(RegressionTest3#test1879'| '(RegressionTest17#test8820'| '(RegressionTest16#test8321'| '(RegressionTest17#test8691'| '(RegressionTest10#test5350'| '(RegressionTest0#test0154'| '(RegressionTest15#test7886'| '(RegressionTest2#test1220'| '(RegressionTest6#test3254'| '(RegressionTest7#test3953'| '(RegressionTest9#test4613'| '(RegressionTest6#test3063'| '(RegressionTest5#test2528'| '(RegressionTest10#test5169'| '(RegressionTest7#test3785'| '(RegressionTest2#test1169'| '(RegressionTest9#test4867'| '(RegressionTest5#test2891'| '(RegressionTest18#test9276'| '(RegressionTest11#test5930'| '(RegressionTest1#test0925'| '(RegressionTest14#test7171'| '(RegressionTest10#test5356'| '(RegressionTest7#test3549'| '(RegressionTest6#test3225'| '(RegressionTest18#test9254'| '(RegressionTest14#test7095'| '(RegressionTest13#test6886'| '(RegressionTest1#test0805'| '(RegressionTest9#test4839'| '(RegressionTest2#test1383'| '(RegressionTest4#test2096'| '(RegressionTest12#test6049'| '(RegressionTest2#test1456'| '(RegressionTest10#test5198'| '(RegressionTest17#test8529'| '(RegressionTest13#test6858'| '(RegressionTest15#test7705'| '(RegressionTest6#test3076'| '(RegressionTest14#test7237'| '(RegressionTest8#test4181'| '(RegressionTest12#test6048'| '(RegressionTest3#test1543'| '(RegressionTest15#test7870'| '(RegressionTest1#test0665'| '(RegressionTest9#test4629'| '(RegressionTest18#test9211'| '(RegressionTest7#test3620'| '(RegressionTest18#test9251'| '(RegressionTest17#test8551'| '(RegressionTest11#test5554'| '(RegressionTest8#test4498'| '(RegressionTest14#test7425'| '(RegressionTest11#test5758'| '(RegressionTest3#test1573'| '(RegressionTest17#test8916'| '(RegressionTest15#test7720'| '(RegressionTest12#test6397'| '(RegressionTest10#test5083'| '(RegressionTest18#test9189'| '(RegressionTest12#test6199'| '(RegressionTest7#test3673'| '(RegressionTest14#test7060'| '(RegressionTest6#test3191'| '(RegressionTest4#test2129'| '(RegressionTest5#test2665'| '(RegressionTest3#test1845'| '(RegressionTest4#test2461'},/home/CIN/lmps2/semanticConflicts/SMAT/output-test-dest/spring-boot/6664ce19d6f2388ebd6cf54763f54fdddd226b9a/randoop_22,org.springframework.boot.jta.atomikos.AtomikosProperties | java.util.Properties,asProperties(),set(),transformed
spring-boot,b5709fd6183bb283b7294b77a477528e03483d10,337e64526,NOT-REQUIRED,6664ce19d6f2388ebd6cf54763f54fdddd226b9a,RANDOOP-MODIFIED,True,FIRST_CRITERION,{'(RegressionTest12#test06296'| '(RegressionTest20#test10234'| '(RegressionTest8#test04360'| '(RegressionTest20#test10336'},/home/CIN/lmps2/semanticConflicts/SMAT/output-test-dest/spring-boot/6664ce19d6f2388ebd6cf54763f54fdddd226b9a/randoop-modified_11,org.springframework.boot.jta.atomikos.AtomikosProperties | java.util.Properties,asProperties(),set(),transformed
spring-boot,b5709fd6183bb283b7294b77a477528e03483d10,544d51656,NOT-REQUIRED,6664ce19d6f2388ebd6cf54763f54fdddd226b9a,RANDOOP-MODIFIED,True,FIRST_CRITERION,{'(RegressionTest16#test8163'| '(RegressionTest18#test9229'| '(RegressionTest5#test2906'| '(RegressionTest9#test4556'| '(RegressionTest11#test5942'| '(RegressionTest3#test1530'| '(RegressionTest2#test1161'| '(RegressionTest4#test2063'| '(RegressionTest17#test8537'| '(RegressionTest1#test0596'| '(RegressionTest11#test5911'| '(RegressionTest7#test3963'| '(RegressionTest12#test6021'| '(RegressionTest13#test6729'| '(RegressionTest8#test4171'| '(RegressionTest7#test3923'| '(RegressionTest11#test5687'| '(RegressionTest13#test6930'| '(RegressionTest1#test0858'| '(RegressionTest16#test8017'| '(RegressionTest6#test3092'| '(RegressionTest2#test1499'| '(RegressionTest6#test3065'| '(RegressionTest3#test1858'| '(RegressionTest18#test9092'| '(RegressionTest5#test2900'| '(RegressionTest17#test8846'| '(RegressionTest8#test4250'| '(RegressionTest5#test2764'| '(RegressionTest1#test0898'| '(RegressionTest2#test1287'| '(RegressionTest7#test3569'| '(RegressionTest12#test6313'| '(RegressionTest7#test3867'| '(RegressionTest16#test8115'| '(RegressionTest8#test4447'| '(RegressionTest11#test5721'| '(RegressionTest1#test0991'| '(RegressionTest8#test4220'| '(RegressionTest2#test1411'| '(RegressionTest12#test6106'| '(RegressionTest9#test4670'| '(RegressionTest17#test8527'| '(RegressionTest9#test4699'| '(RegressionTest15#test7749'| '(RegressionTest10#test5385'| '(RegressionTest1#test0868'| '(RegressionTest2#test1128'| '(RegressionTest12#test6474'| '(RegressionTest5#test2862'| '(RegressionTest5#test2932'| '(RegressionTest9#test4544'| '(RegressionTest6#test3414'| '(RegressionTest16#test8004'| '(RegressionTest5#test2524'| '(RegressionTest13#test6589'| '(RegressionTest11#test5775'| '(RegressionTest4#test2449'| '(RegressionTest12#test6153'| '(RegressionTest14#test7297'| '(RegressionTest14#test7113'| '(RegressionTest14#test7266'| '(RegressionTest7#test3896'| '(RegressionTest14#test7354'| '(RegressionTest12#test6462'| '(RegressionTest5#test2741'| '(RegressionTest13#test6999'| '(RegressionTest16#test8204'| '(RegressionTest10#test5315'| '(RegressionTest1#test0622'| '(RegressionTest1#test0727'| '(RegressionTest17#test8593'| '(RegressionTest6#test3332'| '(RegressionTest10#test5488'| '(RegressionTest8#test4255'| '(RegressionTest2#test1058'| '(RegressionTest18#test9008'| '(RegressionTest1#test0732'| '(RegressionTest6#test3016'| '(RegressionTest2#test1390'| '(RegressionTest18#test9121'| '(RegressionTest0#test0422'| '(RegressionTest12#test6236'| '(RegressionTest16#test8268'| '(RegressionTest3#test1526'| '(RegressionTest7#test3628'| '(RegressionTest10#test5309'| '(RegressionTest11#test5747'| '(RegressionTest17#test8947'| '(RegressionTest14#test7358'| '(RegressionTest6#test3290'| '(RegressionTest8#test4055'| '(RegressionTest2#test1254'| '(RegressionTest7#test3841'| '(RegressionTest12#test6427'| '(RegressionTest12#test6004'| '(RegressionTest13#test6861'| '(RegressionTest17#test8839'| '(RegressionTest14#test7127'| '(RegressionTest6#test3220'| '(RegressionTest8#test4388'| '(RegressionTest3#test1933'| '(RegressionTest8#test4050'| '(RegressionTest17#test8888'| '(RegressionTest10#test5448'| '(RegressionTest18#test9278'| '(RegressionTest3#test1963'| '(RegressionTest7#test3746'| '(RegressionTest6#test3017'| '(RegressionTest5#test2910'| '(RegressionTest13#test6621'| '(RegressionTest19#test9651'| '(RegressionTest18#test9222'| '(RegressionTest13#test6803'| '(RegressionTest0#test0397'| '(RegressionTest18#test9314'| '(RegressionTest9#test4971'| '(RegressionTest2#test1212'| '(RegressionTest2#test1325'| '(RegressionTest18#test9014'| '(RegressionTest9#test4678'| '(RegressionTest4#test2029'| '(RegressionTest10#test5476'| '(RegressionTest17#test8979'| '(RegressionTest11#test5728'| '(RegressionTest8#test4056'| '(RegressionTest18#test9124'| '(RegressionTest6#test3202'| '(RegressionTest18#test9025'| '(RegressionTest10#test5404'| '(RegressionTest0#test0120'| '(RegressionTest0#test0462'| '(RegressionTest4#test2292'| '(RegressionTest19#test9622'| '(RegressionTest18#test9470'| '(RegressionTest8#test4431'| '(RegressionTest8#test4127'| '(RegressionTest7#test3621'| '(RegressionTest14#test7459'| '(RegressionTest13#test6753'| '(RegressionTest18#test9259'| '(RegressionTest8#test4304'| '(RegressionTest17#test8840'| '(RegressionTest6#test3289'| '(RegressionTest4#test2110'| '(RegressionTest15#test7506'| '(RegressionTest7#test3790'| '(RegressionTest1#test0770'| '(RegressionTest10#test5067'| '(RegressionTest15#test7985'| '(RegressionTest18#test9125'| '(RegressionTest7#test3752'| '(RegressionTest5#test2691'| '(RegressionTest6#test3377'| '(RegressionTest9#test4662'| '(RegressionTest17#test8957'| '(RegressionTest13#test6715'| '(RegressionTest0#test0357'| '(RegressionTest13#test6509'| '(RegressionTest0#test0164'| '(RegressionTest9#test4804'| '(RegressionTest8#test4146'| '(RegressionTest13#test6974'| '(RegressionTest7#test3824'| '(RegressionTest9#test4894'| '(RegressionTest18#test9433'| '(RegressionTest3#test1983'| '(RegressionTest12#test6248'| '(RegressionTest17#test8602'| '(RegressionTest5#test2742'| '(RegressionTest18#test9289'| '(RegressionTest12#test6445'| '(RegressionTest12#test6010'| '(RegressionTest8#test4156'| '(RegressionTest10#test5093'| '(RegressionTest6#test3373'| '(RegressionTest13#test6687'| '(RegressionTest13#test6639'| '(RegressionTest17#test8852'| '(RegressionTest4#test2051'| '(RegressionTest12#test6420'| '(RegressionTest3#test1762'| '(RegressionTest10#test5312'| '(RegressionTest15#test7770'| '(RegressionTest12#test6286'| '(RegressionTest14#test7404'| '(RegressionTest17#test8751'| '(RegressionTest2#test1162'| '(RegressionTest14#test7366'| '(RegressionTest19#test9639'| '(RegressionTest10#test5306'| '(RegressionTest9#test4935'| '(RegressionTest4#test2191'| '(RegressionTest3#test1992'| '(RegressionTest6#test3069'| '(RegressionTest16#test8401'| '(RegressionTest14#test7057'| '(RegressionTest16#test8067'| '(RegressionTest5#test2855'| '(RegressionTest15#test7973'| '(RegressionTest17#test8524'| '(RegressionTest0#test0224'| '(RegressionTest17#test8887'| '(RegressionTest1#test0536'| '(RegressionTest8#test4103'| '(RegressionTest9#test4874'| '(RegressionTest0#test0359'| '(RegressionTest5#test2731'| '(RegressionTest7#test3969'| '(RegressionTest10#test5007'| '(RegressionTest11#test5616'| '(RegressionTest5#test2701'| '(RegressionTest4#test2052'| '(RegressionTest2#test1461'| '(RegressionTest18#test9351'| '(RegressionTest5#test2966'| '(RegressionTest9#test4932'| '(RegressionTest3#test1788'| '(RegressionTest15#test7513'| '(RegressionTest18#test9475'| '(RegressionTest10#test5092'| '(RegressionTest15#test7620'| '(RegressionTest5#test2794'| '(RegressionTest4#test2139'| '(RegressionTest9#test4851'| '(RegressionTest4#test2346'| '(RegressionTest16#test8366'| '(RegressionTest11#test5702'| '(RegressionTest12#test6173'| '(RegressionTest5#test2965'| '(RegressionTest9#test4591'| '(RegressionTest6#test3233'| '(RegressionTest17#test8871'| '(RegressionTest14#test7163'| '(RegressionTest16#test8492'| '(RegressionTest19#test9746'| '(RegressionTest1#test0746'| '(RegressionTest8#test4143'| '(RegressionTest3#test1548'| '(RegressionTest11#test5828'| '(RegressionTest7#test3543'| '(RegressionTest1#test0843'| '(RegressionTest16#test8213'| '(RegressionTest16#test8382'| '(RegressionTest12#test6074'| '(RegressionTest7#test3685'| '(RegressionTest5#test2687'| '(RegressionTest10#test5303'| '(RegressionTest10#test5140'| '(RegressionTest19#test9743'| '(RegressionTest14#test7030'| '(RegressionTest14#test7226'| '(RegressionTest2#test1028'| '(RegressionTest11#test5692'| '(RegressionTest13#test6798'| '(RegressionTest11#test5624'| '(RegressionTest9#test4508'| '(RegressionTest12#test6110'| '(RegressionTest10#test5035'| '(RegressionTest9#test4555'| '(RegressionTest19#test9718'| '(RegressionTest10#test5492'| '(RegressionTest10#test5375'| '(RegressionTest2#test1429'| '(RegressionTest1#test0803'| '(RegressionTest3#test1886'| '(RegressionTest7#test3528'| '(RegressionTest0#test0325'| '(RegressionTest11#test5777'| '(RegressionTest12#test6252'| '(RegressionTest4#test2271'| '(RegressionTest16#test8058'| '(RegressionTest4#test2251'| '(RegressionTest4#test2098'| '(RegressionTest16#test8475'| '(RegressionTest17#test8681'| '(RegressionTest18#test9215'| '(RegressionTest18#test9137'| '(RegressionTest7#test3984'| '(RegressionTest8#test4167'| '(RegressionTest1#test0876'| '(RegressionTest10#test5323'| '(RegressionTest2#test1237'| '(RegressionTest4#test2071'| '(RegressionTest13#test6579'| '(RegressionTest0#test0347'| '(RegressionTest15#test7810'| '(RegressionTest12#test6154'| '(RegressionTest7#test3749'| '(RegressionTest15#test7918'| '(RegressionTest9#test4846'| '(RegressionTest15#test7668'| '(RegressionTest18#test9390'| '(RegressionTest18#test9079'| '(RegressionTest14#test7352'| '(RegressionTest9#test4807'| '(RegressionTest2#test1187'| '(RegressionTest17#test8756'| '(RegressionTest19#test9584'| '(RegressionTest14#test7390'| '(RegressionTest11#test5528'| '(RegressionTest13#test6809'| '(RegressionTest3#test1670'| '(RegressionTest6#test3366'| '(RegressionTest11#test5944'| '(RegressionTest16#test8071'| '(RegressionTest15#test7625'| '(RegressionTest18#test9384'| '(RegressionTest14#test7176'| '(RegressionTest8#test4242'| '(RegressionTest18#test9368'| '(RegressionTest16#test8293'| '(RegressionTest4#test2024'| '(RegressionTest4#test2391'| '(RegressionTest14#test7129'| '(RegressionTest5#test2765'| '(RegressionTest9#test4709'| '(RegressionTest4#test2289'| '(RegressionTest13#test6897'| '(RegressionTest8#test4060'| '(RegressionTest3#test1556'| '(RegressionTest13#test6896'| '(RegressionTest12#test6117'| '(RegressionTest0#test0388'| '(RegressionTest15#test7933'| '(RegressionTest15#test7847'| '(RegressionTest5#test2864'| '(RegressionTest4#test2408'| '(RegressionTest13#test6953'| '(RegressionTest13#test6630'| '(RegressionTest12#test6284'| '(RegressionTest19#test9585'| '(RegressionTest15#test7528'| '(RegressionTest13#test6681'| '(RegressionTest17#test8645'| '(RegressionTest9#test4660'| '(RegressionTest9#test4855'| '(RegressionTest7#test3940'| '(RegressionTest3#test1903'| '(RegressionTest12#test6265'| '(RegressionTest19#test9570'| '(RegressionTest14#test7487'| '(RegressionTest3#test1669'| '(RegressionTest3#test1612'| '(RegressionTest16#test8452'| '(RegressionTest14#test7483'| '(RegressionTest19#test9682'| '(RegressionTest5#test2680'| '(RegressionTest19#test9629'| '(RegressionTest17#test8913'| '(RegressionTest12#test6008'| '(RegressionTest16#test8305'| '(RegressionTest11#test5831'| '(RegressionTest18#test9158'| '(RegressionTest14#test7037'| '(RegressionTest4#test2012'| '(RegressionTest17#test8780'| '(RegressionTest3#test1711'| '(RegressionTest6#test3239'| '(RegressionTest17#test8594'| '(RegressionTest10#test5236'| '(RegressionTest5#test3000'| '(RegressionTest10#test5108'| '(RegressionTest3#test1893'| '(RegressionTest1#test0580'| '(RegressionTest4#test2036'| '(RegressionTest12#test6197'| '(RegressionTest0#test0381'| '(RegressionTest9#test4724'| '(RegressionTest18#test9207'| '(RegressionTest5#test2686'| '(RegressionTest11#test5929'| '(RegressionTest4#test2288'| '(RegressionTest13#test6760'| '(RegressionTest12#test6351'| '(RegressionTest9#test4657'| '(RegressionTest9#test4613'| '(RegressionTest19#test9776'| '(RegressionTest12#test6116'| '(RegressionTest6#test3164'| '(RegressionTest14#test7177'| '(RegressionTest15#test7979'| '(RegressionTest18#test9386'| '(RegressionTest6#test3491'| '(RegressionTest3#test1835'| '(RegressionTest2#test1292'| '(RegressionTest0#test0269'| '(RegressionTest2#test1305'| '(RegressionTest5#test2877'| '(RegressionTest7#test3876'| '(RegressionTest5#test2923'| '(RegressionTest0#test0214'| '(RegressionTest11#test5674'| '(RegressionTest12#test6129'| '(RegressionTest17#test8954'| '(RegressionTest17#test8553'| '(RegressionTest8#test4086'| '(RegressionTest11#test5970'| '(RegressionTest7#test3873'| '(RegressionTest0#test0094'| '(RegressionTest16#test8254'| '(RegressionTest10#test5250'| '(RegressionTest6#test3482'| '(RegressionTest12#test6468'| '(RegressionTest1#test0952'| '(RegressionTest5#test2714'| '(RegressionTest17#test8964'| '(RegressionTest10#test5164'| '(RegressionTest13#test6954'| '(RegressionTest17#test8864'| '(RegressionTest6#test3487'| '(RegressionTest12#test6324'| '(RegressionTest6#test3023'| '(RegressionTest14#test7332'| '(RegressionTest6#test3261'| '(RegressionTest7#test3724'| '(RegressionTest5#test2824'| '(RegressionTest13#test6989'| '(RegressionTest10#test5065'| '(RegressionTest11#test5527'| '(RegressionTest4#test2451'| '(RegressionTest3#test1621'| '(RegressionTest1#test0819'| '(RegressionTest14#test7246'| '(RegressionTest2#test1105'| '(RegressionTest12#test6168'| '(RegressionTest5#test2834'| '(RegressionTest4#test2204'| '(RegressionTest9#test4988'| '(RegressionTest18#test9059'| '(RegressionTest12#test6352'| '(RegressionTest1#test0841'| '(RegressionTest6#test3341'| '(RegressionTest9#test4884'| '(RegressionTest12#test6271'| '(RegressionTest16#test8050'| '(RegressionTest15#test7908'| '(RegressionTest11#test5715'| '(RegressionTest4#test2167'| '(RegressionTest11#test5710'| '(RegressionTest13#test6658'| '(RegressionTest12#test6384'| '(RegressionTest0#test0166'| '(RegressionTest7#test3794'| '(RegressionTest9#test4809'| '(RegressionTest15#test7611'| '(RegressionTest14#test7356'| '(RegressionTest1#test0690'| '(RegressionTest4#test2386'| '(RegressionTest0#test0314'| '(RegressionTest7#test3783'| '(RegressionTest3#test1999'| '(RegressionTest16#test8142'| '(RegressionTest17#test8934'| '(RegressionTest8#test4083'| '(RegressionTest5#test2885'},/home/CIN/lmps2/semanticConflicts/SMAT/output-test-dest/spring-boot/6664ce19d6f2388ebd6cf54763f54fdddd226b9a/randoop-modified_12,org.springframework.boot.jta.atomikos.AtomikosProperties | java.util.Properties,asProperties(),set(),transformed
spring-boot,b5709fd6183bb283b7294b77a477528e03483d10,544d51656,NOT-REQUIRED,6664ce19d6f2388ebd6cf54763f54fdddd226b9a,EVOSUITE,True,FIRST_CRITERION,{'AtomikosPropertiesTests_ESTest#test15'| 'AtomikosPropertiesTests_ESTest#test12'},/home/CIN/lmps2/semanticConflicts/SMAT/output-test-dest/spring-boot/6664ce19d6f2388ebd6cf54763f54fdddd226b9a/evosuite_2,org.springframework.boot.jta.atomikos.AtomikosPropertiesTests,testProperties(),set(),original
spring-boot,b5709fd6183bb283b7294b77a477528e03483d10,544d51656,NOT-REQUIRED,6664ce19d6f2388ebd6cf54763f54fdddd226b9a,EVOSUITE,True,FIRST_CRITERION,{'AtomikosPropertiesTests_ESTest#test14'| 'AtomikosPropertiesTests_ESTest#test03'| 'AtomikosPropertiesTests_ESTest#test02'| 'AtomikosPropertiesTests_ESTest#test16'| 'AtomikosPropertiesTests_ESTest#test05'},/home/CIN/lmps2/semanticConflicts/SMAT/output-test-dest/spring-boot/6664ce19d6f2388ebd6cf54763f54fdddd226b9a/evosuite_6,org.springframework.boot.jta.atomikos.AtomikosPropertiesTests,testProperties(),set(),transformed
spring-boot,b5709fd6183bb283b7294b77a477528e03483d10,544d51656,NOT-REQUIRED,6664ce19d6f2388ebd6cf54763f54fdddd226b9a,EVOSUITE,True,FIRST_CRITERION,{'AtomikosPropertiesTests_ESTest#test17'| 'AtomikosPropertiesTests_ESTest#test02'| 'AtomikosPropertiesTests_ESTest#test04'| 'AtomikosPropertiesTests_ESTest#test08'| 'AtomikosPropertiesTests_ESTest#test18'},/home/CIN/lmps2/semanticConflicts/SMAT/output-test-dest/spring-boot/6664ce19d6f2388ebd6cf54763f54fdddd226b9a/evosuite_10,org.springframework.boot.jta.atomikos.AtomikosPropertiesTests,testDefaultProperties(),set(),original
spring-boot,b5709fd6183bb283b7294b77a477528e03483d10,544d51656,NOT-REQUIRED,6664ce19d6f2388ebd6cf54763f54fdddd226b9a,EVOSUITE,True,FIRST_CRITERION,{'AtomikosPropertiesTests_ESTest#test01'| 'AtomikosPropertiesTests_ESTest#test23'| 'AtomikosPropertiesTests_ESTest#test20'| 'AtomikosPropertiesTests_ESTest#test19'| 'AtomikosPropertiesTests_ESTest#test22'| 'AtomikosPropertiesTests_ESTest#test04'| 'AtomikosPropertiesTests_ESTest#test15'},/home/CIN/lmps2/semanticConflicts/SMAT/output-test-dest/spring-boot/6664ce19d6f2388ebd6cf54763f54fdddd226b9a/evosuite_14,org.springframework.boot.jta.atomikos.AtomikosPropertiesTests,testDefaultProperties(),set(),transformed
HikariCP,9eb405e5b81082044daca981b2655396c4e9a6eb,b4510a50,NOT-REQUIRED,1bca94af9ec625f21d1b58ff10efb5be71ab87a6,EVOSUITE,True,FIRST_CRITERION,{'HikariPool_ESTest#test47'| 'HikariPool_ESTest#test34'| 'HikariPool_ESTest#test19'| 'HikariPool_ESTest#test16'| 'HikariPool_ESTest#test57'| 'HikariPool_ESTest#test56'| 'HikariPool_ESTest#test55'| 'HikariPool_ESTest#test48'| 'HikariPool_ESTest#test24'| 'HikariPool_ESTest#test46'| 'HikariPool_ESTest#test32'| 'HikariPool_ESTest#test45'| 'HikariPool_ESTest#test59'| 'HikariPool_ESTest#test31'| 'HikariPool_ESTest#test67'| 'HikariPool_ESTest#test64'| 'HikariPool_ESTest#test06'| 'HikariPool_ESTest#test65'| 'HikariPool_ESTest#test63'| 'HikariPool_ESTest#test66'| 'HikariPool_ESTest#test42'| 'HikariPool_ESTest#test43'| 'HikariPool_ESTest#test01'| 'HikariPool_ESTest#test20'| 'HikariPool_ESTest#test00'| 'HikariPool_ESTest#test54'| 'HikariPool_ESTest#test50'| 'HikariPool_ESTest#test30'| 'HikariPool_ESTest#test38'| 'HikariPool_ESTest#test33'| 'HikariPool_ESTest#test51'| 'HikariPool_ESTest#test05'| 'HikariPool_ESTest#test17'| 'HikariPool_ESTest#test21'| 'HikariPool_ESTest#test41'| 'HikariPool_ESTest#test02'| 'HikariPool_ESTest#test60'| 'HikariPool_ESTest#test39'| 'HikariPool_ESTest#test07'| 'HikariPool_ESTest#test23'| 'HikariPool_ESTest#test04'| 'HikariPool_ESTest#test25'| 'HikariPool_ESTest#test03'| 'HikariPool_ESTest#test28'| 'HikariPool_ESTest#test61'| 'HikariPool_ESTest#test58'| 'HikariPool_ESTest#test14'| 'HikariPool_ESTest#test44'| 'HikariPool_ESTest#test18'| 'HikariPool_ESTest#test22'| 'HikariPool_ESTest#test62'| 'HikariPool_ESTest#test26'| 'HikariPool_ESTest#test53'| 'HikariPool_ESTest#test49'| 'HikariPool_ESTest#test35'| 'HikariPool_ESTest#test29'| 'HikariPool_ESTest#test27'| 'HikariPool_ESTest#test40'| 'HikariPool_ESTest#test15'},/home/CIN/lmps2/semanticConflicts/SMAT/output-test-dest/HikariCP/1bca94af9ec625f21d1b58ff10efb5be71ab87a6/evosuite_6,com.zaxxer.hikari.HikariPool | com.zaxxer.hikari.SerializedObjectSupporter,addConnection(),set(),serialized
