Project,Merge Commit,Class Name,Method or field declaration changed by the two merged branches,Original Sample,Locally Observable Interference Description,Lines in the merge commit with changes made by left,Lines in the merge commit with changes made by right,Summary of changes made by left,Summary of changes made by right,Manual build?,Locally Observable Interference,Manual analysis of OA,OA Inter,OA Intra
antlr4,69ff2669eec265e25721dbc27cb00f6c381d0b41,org.antlr.v4.codegen.target.Python2Target,python2Keywords,Leuson,"Left and Right change the same array, which means they change the leght of the object. A test case should explore the array lenght in each merge scenario commit. A test case to detect this conflict can be found here.",[64],[53],Left changes the list of values of an array of Strings during its initialization (adition of a new value),Right changes the list of values of an array of Strings during its initialization (adition of a new value),Yes,TRUE,TRUE,FALSE,FALSE
antlr4,69ff2669eec265e25721dbc27cb00f6c381d0b41,org.antlr.v4.codegen.target.Python3Target,python3Keywords,Leuson,"Left and Right change the same array, which means they change the leght of the object. A test case should explore the array lenght in each merge scenario commit. A test case to detect this conflict can be found here.",[64],[53],Left changes the list of values of an array of Strings during its initialization (adition of a new value),Right changes the list of values of an array of Strings during its initialization (adition of a new value),Yes,TRUE,TRUE,FALSE,FALSE
druid,05168808c278c080c59c19e858d9471b316cd1f5,com.metamx.druid.loading.S3SegmentPusher,"push(File, DataSegment)",Roberto,"There is no locally observable interference as the contributions change different objects, and these changes are not accessed by each other.","[66, 118, 139, 110]","[105, 125]",Left changes the object that will be returned by setting the object field binaryVersion.,"Right set the field acl on object toPush, which is used by the returned object.",No,FALSE,FALSE,FALSE,FALSE
netty,193acdb36cd3da9bfc62dd69c4208dff3f0a2b1b,org.jboss.netty.handler.codec.frame.LengthFieldBasedFrameDecoder,"decode(ChannelHandlerContext, Channel, ChannelBuffer)",Roberto,"The changes performed by right will only be executed in some cases because of the change performed by Left. So the method return can be different for each version of the merge scenario. In the base commit, the local variable frameLength will be updated, and consequently the buffer will be updated (buffer.skipBytes(buffer.readableBytes())), that is used to create the method return. In the Left commit, as the !lengthFieldIncludedInFrameLength == TRUE, the local variable frameLength will not be updated, and consequently the buffer will not be updated (buffer.skipBytes(buffer.readableBytes())). In the Merge commit, as the !lengthFieldIncludedInFrameLength == TRUE, the local variable frameLength will not be updated, and consequently the buffer will not be updated (buffer.skipBytes(buffer.readableBytes())), but the call for failIfNecessary will update the parameter ctx. A test case to detect the conflict can be found here.","[358, 360]","[322, 374]","Left updates how variable frameLength is incremented, which is done only if the new conditional in the if statement is true.",Right updates method call failIfNecessary adding a new parameter (boolean value). [But these changes were also done by Left.],Yes,TRUE,FALSE,FALSE,FALSE
OpenTripPlanner,4c506dce43775704919d084f0acfba86d251bf4a,org.opentripplanner.routing.spt.MultiShortestPathTree,"dominates(State, State)",Roberto,"The new if statement added by right checks an action, which if true returns FALSO. As these modifications are placed before the changes introduced by Left, these last contributions could not be executed under the new circumstances. So the method result may present different return values. The assertion would use the method return (boolean). In the Base commit, all the initial if statements are FALSO, so the method return would be return walkDistanceBetter && weightBetter && timeBetter (it should return FALSO). In the Left commit, all the initial if statements are FALSO, so the method return will be walkDistanceIsHopeful && weightIsHopeful && timeIsHopeful (it should return TRUE). In the Merge commit, all the initial if statements are FALSO, but the new if thisState.isBikeParked() != other.isBikeParked() is TRUE, and the method return FALSO. A test case to detect this conflict can be found here.","[144, 146, 147, 148, 149, 152, 141]",[123],Left renames some local variables and updates three boolean local variables used to define the method return.,"Right adds a new if statement, which may return FALSO.",Yes,TRUE,FALSE,timeout,FALSE
webbit,74d2d2b87704d003acacb34e4ca8fb5f897b938f,org.webbitserver.netty.WebSocketClient,"adjustPipelineToWebSocket(ChannelHandlerContext, MessageEvent, ChannelHandler, ChannelHandler)",Mining,There is no locally observable interference as one of the contributions is a refactoring.,[260],[262],Left sets the version of webSockectConnection object calling the method setHybiWebSocketVersion.,Right changes the order of parameters used to create the local variable webSocketChannelHandler; so it's a refactoring.,Yes,FALSE,FALSE,FALSE,FALSE
resty-gwt,867b917c43c32acbdcac55767e7f04334006c866,org.fusesource.restygwt.rebind.DirectRestServiceInterfaceClassCreator,getMethodCallback(JMethod),Guilherme,"The changes are individually supposed to satisfy are not satisfied: left changes method's expected result by right. Suppose a test that receives an ""Overlay"" method returning a primitive type (int, for instance). The test then checks if result type's is ""OverlayCallback"". The test fails on base, passes on right, and fails on the merged version. A test case can be found here.","[83, 84, 85]","[86, 87, 88, 89, 90, 91]","changed if statement (condition, and block) on method getMethodCallback(JMethod)",extracted variable refactoring and added if statement on method getMethodCallback(JMethod),Yes,TRUE,FALSE,FALSE,FALSE
storm,ad2be678831b3b060229fd936e3908110162b7ac,org.apache.storm.kafka.spout.KafkaSpoutConfig,toString(),Leuson,Left and Right change the same string that will be returned. This is equivalent to both developers assigning different values to the same variable. A test case should explore the string returned from merge scenario commit. A test case to detect this conflict can be found here.,[],"[515, 516, 521, 522]",Left removes the field and reference for maxRetries of the returning string from the method toString();,"Right performs a refactoring involving the references for key and value variables. It updates how the variable values are accessed (now using get methods instead of directly accessing the values). Right also removes references to the field: kafkaSpoutStreams, tuplesBuilder, topics, and topicWildcardPattern. Finally, it adds reference for subscription and translator.",Yes,TRUE,TRUE,FALSE,FALSE
storm,bd1f5c54752f67b484a83c26667331234234d3a3,org.apache.storm.kafka.spout.KafkaSpout,"emitTupleIfNotEmitted(ConsumerRecord<K,V>)",Leuson,There is no locally observable interference as the Left changes do not impact the method return.,"[305, 306, 307, 312]","[316, 319]",Left performs a refactoring extracting a variable of an IF statement; it also changes another IF condition.,Right updates the method signature changing its return type for boolean and adds return statements.,Yes,FALSE,FALSE,FALSE,FALSE
swagger-maven-plugin,e825a7fdc6ef688f1253b93d2cb236e710acfc56,com.github.kongchen.swagger.docgen.reader.AbstractReader,hasValidAnnotations(List<Annotation>),Guilherme,"Left and Right change the same array (right adds the same elements that left does, and also a new entry). A test case will reveal the interference by calling the method hasValidations twice. Each call with a parameter with only the contributions of one parent. One assertion should expect true based on the entry did by Left, and another expecting FALSO based on the addition by Right. A test case to detect this conflict can be found here.","[342, 343]",[342],Left adds items to the returned list used to define the return of method hasValidAnnotations,Right also adds items to the returned list used to define the return of method hasValidAnnotations,Yes,TRUE,TRUE,TRUE,TRUE
jsoup,a8b6982de98ff76ef254031d7152fff57f6bf941,org.jsoup.helper.HttpConnection,"execute(Connection.Request, Response)",Roberto,"The parent changes are related; while Right changes a parameter, Left changes a local variable. O problema é que sempre será necessário entrar dentro do primeiro IF, e lá dentro sempre será retornado o resultado de uma chamada do mesmo método (recursão). In the Base commit, the parameter req is changed (req.method(Method.GET), req.data().clear()); the method execute will be called again, but with parameters that makes the first if FALSO (res.hasHeader(LOCATION) && req.followRedirects()). In the Right commit, the if statement status != HTTP_TEMP_REDIR will be FALSO, and no change will be done in req; the method execute will be called again, but with parameters that makes the first if FALSO (res.hasHeader(LOCATION) && req.followRedirects()). In the Merge commit, the if statement status != HTTP_TEMP_REDIR will be FALSO, and no change will be done in req; (res.hasHeader(LOCATION) && req.followRedirects()); the method execute will be called again, but with parameters that makes the first if FALSO (res.hasHeader(LOCATION) && req.followRedirects()). The if statement res.hasHeaderWithValue(CONTENT_ENCODING, ""gzip"") would be FALSO, and then the bodyStream used in res will not be GZIPInputStream. Not possible to set specific values for responses, used to generate the headers.","[584, 585, 586]","[544, 547]","Left changes the value assigned to the local variable bodyStream, and also removes the local variable dataStream. The object bodyStream uses the object conn, that is created based on req (changed by Right).",Right adds a new verification before calling some methods of the parameter req.,No,TRUE,FALSE,FALSE,FALSE
jsoup,fee4762322f85a1109edd75ccb67f38cf5008c80,org.jsoup.helper.HttpConnection,createConnection(Connection.Request),Guilherme,"There is no locally observable interference as contributions different fields of the same object, with no dependency between the fields in the analyzed method","[609, 610, 611, 612, 613, 614]",[617],"Left adds a IF statement, allowing extra set fields of the object returned by the method","Rights changes a IF condition, setting more fields of the object returned by the method and accepting more values than before",No,FALSE,FALSE,FALSE,FALSE
jsoup,3f7d2c71dbbbb289c684f339874eed8ac2747fa0,org.jsoup.helper.HttpConnection,"execute(Connection.Request, Response)",Roberto,"The semantic conflict is caused by the control flow; so based on the changes, different excpetions ca be thrown during the execution. A test case to reveal this problem would be motivated by the next example. Assertion () Entry: 1. status == HttpURLConnection.HTTP_SEE_OTHER. 2. !contentType.startsWith(""application/xml"") == FALSO, !xmlContentTypeRxp.matcher(contentType).matches() == FALSO. In this way, in the base commit, the Exception HttpStatusException would be thrown, and the test would fail. In the left commit, the exception UnsupportedMimeTypeException would be thrown, and the test would pass. Finally, in the merge commit, the no exception would be thrown, and the test would fail.",[456],"[483, 484, 485]",Left adds a new condition (OR) that is reponsible for changing the value of the local variable needsRedirect.,"Right updates another if statement conditions; it changes a set of conditions grouped with AND, to the OR operator. This if is responsible for throw a new exception.",No,TRUE,FALSE,FALSE,FALSE
jsoup,a44e18aa3c1fcd25a68a5965f9490d8f7d026509,org.jsoup.nodes.TextNode,"outerHtmlHead(StringBuilder, int, Document.OutputSettings)",Roberto,"The changes can be conflicting as the left contributions changes the conditional that updates the value of HTML variable, while right changes the value of accum. In the end, both changes are grouped in the parameter accum. So a test case to detect this conflict should have the following entries and assertions. In the base commit, the first if statement will be FALSO by sending a node that makes the preserveWhiteSpace be FALSO, and no change is performed in the local variable html. The second if will be FALSO as all conditions will be FALSO, so no change is performed in the parameter accum. In the Right commit, the first if statement will be FALSO by sending a node that makes the preserveWhiteSpace be FALSO. So no change is performed in local variable html. In the second if, it will be TRUE as (out.forceAllElementAsBlock() && siblingNodes().size()>0 && !isBlank()) will be TRUE. So the attribute accum will be changed. In the Merge commit, the first if statement will be TRUE by sending a node that makes the preserveWhiteSpace be TRUE. So the changes are performed in the local variable html. In the second if, it will be TRUE as (out.forceAllElementAsBlock() && siblingNodes().size()>0 && !isBlank()) will be TRUE. So the attribute accum will be changed. A test case to detect this conflict can be found here.",[94],[98],"Left changes the condition of an if statement, which calls the method preserveWhitespace. Now the method only performs its verifications if the node is not null and is an instance of Element type; otherwise, no action is performed and the value of local variable html is not updated.","Right adds a new condition (OR) in an if statement, which may change the value of the parameter accum.",Yes,TRUE,FALSE,FALSE,FALSE
retrofit,2b6c719c6645f8e48dca6d0047c752069d321bc4 ,retrofit.RestAdapter,"logAndReplaceResponse(String, Response, long)",DeSouza,"Although Left has made a significant change, it is still a refactoring, as the same string is passed as a parameter in the log.log() method call.",[438],[415],"Deleted a loop with many calls to log and changed to one with arguments different from the previous call, which simply writes to the log output.","Change the log parameter, adding a toString() on header attribute (header.toString()).",No,FALSE,TRUE,FALSE,TRUE
retrofit,2b6c719c6645f8e48dca6d0047c752069d321bc4,retrofit.RestAdapter,logAndReplaceRequest(Request),DeSouza,"The changes are in methods that determine the logs, both interfere in the output. A test case can be made by creating an assert to check the output produced by comparing the string produced by the left and right log, will be different.",[398],[369],"Deleted a loop with many calls to log and changed to one with arguments different from the previous call, which simply writes to the log output.","Change the log parameter, adding a toString() on header attribute (header.toString()).",No,TRUE,TRUE,FALSE,TRUE
retrofit,71f622ce51031b152a0be6ad5facfb27a654bf5a,retrofit.RequestBuilder,build(),Roberto,The changes are conflicting as they change the same local variable used to create the returned object. A test case to detect this conflict can be found here.,[88],"[96, 97, 100, 95]","Left changed the argument of a method call and chained it with another call. Semantically, it inserts ""?"" in the middle of a string stored in the url variable.",Right adds an if statement that surrounds an assignment (which comes from base) to the url variable.,No,TRUE,FALSE,FALSE,FALSE
activiti,50d8e43eb5917c63abfbcdec1e68e510943f325a,org.activiti.engine.impl.persistence.entity.DeploymentEntityManager,"deleteDeployment(String, boolean)",Roberto,"The new routine will be only executed in case an if condition is satisfied; this condition requires the use of nrOfProcessDefinitionsWithSameKey, that was changed by Left. In the Base commit, the if statement !p.getId().equals(processDefinition) would be FALSO, so the variable nrOfProcessDefinitionsWithSameKey would not be incremented, and the if (nrOfVersions - nrOfProcessDefinitionsWithSameKey <= 1) would be also FALSO. In the Left commit, the if !p.getId().equals(processDefinition.getId()) would be TRUE, and the variable nrOfProcessDefinitionsWithSameKey would be incremented, and the if if (nrOfVersions - nrOfProcessDefinitionsWithSameKey <= 1) would be TRUE. In the Merge commit, the if !p.getId().equals(processDefinition.getId()) would be TRUE, and the variable nrOfProcessDefinitionsWithSameKey would be incremented, and the if if (nrOfVersions - nrOfProcessDefinitionsWithSameKey <= 1) would be TRUE, and the new routine would be executed (lines 114-117). The problem here is to detect this behavior change as the changed variable are local (neither parameters nor class attributes).",[107],"[114, 115, 116, 117]","Left changes a if condition, that is reponsible for changing the value of the local variable nrOfProcessDefinitionsWithSameKey (incrementation)","Right adds a new IF statement; in case the condition is TRUE, it calls new mtethod using the objects of the local list timerStartJobs.",No,TRUE,FALSE,FALSE,FALSE
activiti,bf46684ba62f5883673ea8fb0a14aecfe0aedea2,org.activiti.engine.impl.bpmn.behavior.UserTaskActivityBehavior,execute(ActivityExecution),Roberto,"There is no locally observable interference as the Right changes do not trhows any exception, otherwise it could represent an interference with Left changes.","[112, 113, 114, 115, 116, 117, 110, 111]","[118, 125, 126, 127]","Left adds a new IF statement, which may set the field formKey of the local variable formKey, or throws an exception.","Right adds a new IF statement, which may call static external methods without using their returns.",No,TRUE,TRUE,TRUE,FALSE
okhttp,1151c9853ccc3c9c3211c613b9b845b925f8c6a6,com.squareup.okhttp.internal.bytes.GzipSource,consumeHeader(Deadline),Roberto,There is no locally observable interference as both contributions are refactorings.,[112],[138],Left does a refactoring by renaming the method getByte on OkBuffer class.,Right does a refactoring by extracting the local method seek to OkBuffers class.,No,FALSE,FALSE,FALSE,FALSE
okhttp,35166168529bd27281685e56a0a122eff44460e9,com.squareup.okhttp.OkHttpClient,copyWithDefaults(),DeSouza,"There is no locally observable interference as Left and right change the object that will be returned by the method, but different attributes.","[277, 293]",[287],Left changed the object returned by the method using the current object of the class and ass a new value to the field transports.,Right changes the value assigned to result.hostnameverifier adding now an object OkHostnameVerifier.,No,FALSE,TRUE,TRUE,FALSE
HikariCP,1bca94af9ec625f21d1b58ff10efb5be71ab87a6,com.zaxxer.hikari.HikariConfig,validate(),Roberto,There is a locally observable interference as both contributions write on local variable logger.,"[577, 578, 579, 580, 581, 582]",[],"Left adds a new IF statement, which may write in logger calling method info","Right removes source code, which would write in logger calling method error or wanr, or even trhows an exception. Changes on formating",No,TRUE,FALSE,FALSE,FALSE
pushy,58901c846e4f0874977c5aabbc34bcb4de3670e0,com.relayrides.pushy.apns.PushManager,handleConnectionClosure(ApnsConnection<T>),Guilherme,"There is no locally observable interference as Right changes are only refactorings, and only Left changes might impact behavior","[520, 510]","[515, 500, 502, 503]",Left replaces “new Thread” with “listenerExecutor”,"Right does a refactoring by “extracting"" two local methods.",No,FALSE,FALSE,FALSE,FALSE
java-faker,ca42fcfaf45cae1754c58e02e1d5d2a58ec03561,com.github.javafaker.Faker,"Faker(Locale, Random)",Guilherme,There is no locally observable interference as the contributions change different fields.,"[69, 59]",[70],Left adds an initialization of two fields on constructor.,Right changes the initialization of a different field.,No,FALSE,FALSE,FALSE,FALSE
swagger-core,e7fea7c4889dbdd6a4e0b2d059c8aa0f126ab1c2,io.swagger.jaxrs2.OperationParser,getSchemaFromAnnotation(io.swagger.oas.annotations.media.Schema),Guilherme,"There is no locally observable interference as Right changes are refactorings, and only Left changes modify the program behavior.","[240, 241, 234, 235, 236, 237, 238, 239]","[244, 187, 188]","Left adds two IF statements, which may set some fields on object schemaObject.","Right renames three methods _enum() to allowableValues(), and _default() to defaultValue",No,FALSE,FALSE,FALSE,error
cucumber-jvm,4505c156b6267c1b760deec570ddbfe047b42aa9,cuke4duke.internal.java.JavaLanguage,load(String),Roberto,There is no locally observable interference as the Right changes do not represent a bahvior change.,"[38, 40]",[36],"Left adds a new IF statement, which may restrict the new addition of the local variable clazz on the field objectFactory.",Right changes generics allowing any type for the local variable clazz.,No,FALSE,FALSE,FALSE,FALSE
SimianArmy,345ad9513aafff397050d613fa87ad06ddffe99d,com.netflix.simianarmy.basic.janitor.BasicJanitorMonkeyContext,getInstanceJanitor(),Roberto,"There is no locally observable interference as Left just updates the rule already added in base commit, while Right adds a new one.","[227, 228, 229, 230]","[232, 233, 234, 235, 237, 238]",Left updates the rule added in ruleEngine by method addRule().,"Right adds a new if statement, which may also add a new rule in ruleEngine.",Yes,FALSE,FALSE,FALSE,FALSE
libgdx,da27e2dae56be0a159e82231e5c3a5b83b099063,com.badlogic.gdx.backends.lwjgl3.Lwjgl3Application,"newWindow(ApplicationListener, Lwjgl3WindowConfiguration)",DeSouza,"Changes are made to different attributes of an object that do not interfere with each other. The changes generate different visual effects in the GUI, which can cause a globally observed difference. However, we are only interested in local interference.",[318],[325],Left changes four attributes of an object using a set method,Right uses a set method to change the value of an object's attribute,No,FALSE,FALSE,FALSE,FALSE
libgdx,da27e2dae56be0a159e82231e5c3a5b83b099063,com.badlogic.gdx.backends.lwjgl3.Lwjgl3ApplicationConfiguration,copy(Lwjgl3ApplicationConfiguration),DeSouza,The changes of the different branches are in different attributes of the object that do not interfere with each other,"[96, 97, 98, 99]",[107],Left assigns new values ​​from the method parameter to four different attributes of the object.,Right assigns a new value from the method parameter to an attribute of the object.,No,FALSE,FALSE,FALSE,FALSE
RxJava,a40a4130edcdadc2340da5787ca30353018173f2,rx.internal.operators.OperatorMulticast,connect(Action1<?superSubscription>),Roberto,,[94],"[128, 129, 131, 117, 118, 119, 120, 121, 122, 124, 125]",,,No,TRUE,TRUE,TRUE,FALSE
RxJava,1c47b0cb26e6d971eefa42ebb3479099236b0125,rx.concurrency.TestScheduler,triggerActions(long),DeSouza,"While Left changes the final value assigned to field time, Right restricts an external method call, which doesn't involve the field time. So there is no locally observable interference.",[100],"[96, 97, 95]",Left moves the value assignment of the field time from the first IF declaration to the end of the method declaration.,"Right adds a new IF declaration. Now, an external method call is done only if current TimedAction object is not canceled.",Yes,FALSE,FALSE,FALSE,TRUE
elasticsearch-river-mongodb,3d4f99516ba3177f7d88a1f600923138a8b77cc8,org.elasticsearch.river.mongodb.Slurper,assignCollections(),Roberto,"It can be a test conflict, as one parent sets the attribute's value (oplogRefsCollection) using another attribute, which was modified by the other parent (oplogDb). The test case should have as Entry: !definition.getMongoLocalAuthDatabase().isEmpty() == FALSO, !definition.getMongoAdminUser().isEmpty() == TRUE, !definition.getMongoLocalUser().isEmpty() == FALSO. The assertions should explore the values of oplogDb and oplogRefsCollection. In the Base commit, we would have: oplogDb = mongo.getDB(MongoDBRiver.MONGODB_LOCAL_DATABASE), and no change for oplogRefsCollection. For Left commit, we would have: oplogDb = mongo.getDB(definition.getMongoLocalAuthDatabase()), and no change for oplogRefsCollection. Finally, for Merge commit, we would have: oplogDb = mongo.getDB(definition.getMongoLocalAuthDatabase()), and oplogDb = oplogDb.getMongo().getDB(MongoDBRiver.MONGODB_LOCAL_DATABASE). Test does not present stable results.","[288, 289, 290, 322, 291, 292, 293, 294, 295, 297, 298, 286, 287]","[315, 331, 302]",Left adds some if statements and changed the values of two variables: adminDb and oplogDb.,Right changes the value of oplogRefsCollection by calling a method of oplogDb,Yes,TRUE,FALSE,FALSE,TRUE
hector,0588608e7a2bdf974c985ff546207104f672bf6c,me.prettyprint.cassandra.connection.client.HSaslThriftClient,open(),Roberto,,"[96, 97, 94, 111, 95]",[122],,,Yes,TRUE,TRUE,TRUE,TRUE
titan,387c16ea05ef9fa312f37139228d2bbf61455ff4,com.thinkaurelius.titan.graphdb.database.serialize.SerializerInitialization,initialize(Serializer),Roberto,There is no locally observable interference as the individual contributions change different objects (both change the field size of different arrays).,"[52, 53, 54, 55, 57]",[31],"Left adds and removes calls for method registerClass of serialize object, that registers new classes in the registrations hashmap.","Right changes one call for method registerClass by adding a new parameter (instead of only two), and this new parameter will be added into headers hashmap.",Yes,FALSE,FALSE,FALSE,FALSE
MPAndroidChart,af114d180da6ec5633d32c701ff5467f7629fcf3,com.xxmassdeveloper.mpchartexample.fragments.SimpleFragment,"generateScatterData(int, float, int)",DeSouza,,"[80, 91]",[73],"Changes the values passed to the Entry class constructor, inverting the passed parameters, that changes inteferes with a call to setScatterShape modifying an attribute on the ScatterDataSet class . Removes the value ""ChartData.generateXVals(0, count)"" from the ScatterObject creation","Changes the method that initializes the shapes array to ""ScatterChart.ScatterShape.getAllDefaultShapes()"" that adds new shapes to the shapes variable",,FALSE,FALSE,FALSE,FALSE
MPAndroidChart,9297923f09460d0484cd713b0abbeaea9b888ec0,com.xxmassdeveloper.mpchartexample.LineChartActivity2,onCreate(Bundle),DeSouza,"Coudn't have a Locally Observable Interference,
because different state elements are changed and then 
the execution stops, but as it is an android application 
after the onCreate method call the screen will be rendered 
and could happen a Observable Interference",[126],[117],Added a call to the setDrawZeroLine method setting the value for the field mDrawZeroLine at the rightAxis object as FALSO.,"Deprecated the method setStartAtZero from the YAxis class, and removed the call for it on the rightAxis object. Added a call to the method setAxisMinValue on the left axis object",Yes,FALSE,FALSE,FALSE,FALSE
elasticsearch,d896886973660785aac45275ddb110c1a6babc57,org.elasticsearch.common.settings.IndexScopedSettings,BUILT_IN_INDEX_SETTINGS,Mining,"Both changed the same attribute initialization, in this case, both changing the Set size
Test that fails in base, passes in left and fails in merge:

settings = IndexScopedSettings.BUILT_IN_INDEX_SETTINGS;
assert(settings.size(), 82);","[119, 120]",[121],Added two elements to a set is a static attribute named BUILT_IN_INDEX_SETTINGS initialization,Added one element to a set is a static attribute named BUILT_IN_INDEX_SETTINGS initialization,Yes,TRUE,TRUE,FALSE,error
elasticsearch,d896886973660785aac45275ddb110c1a6babc57,org.elasticsearch.action.index.TransportIndexAction,"executeIndexRequestOnPrimary(IndexRequest, IndexShard, MappingUpdatedAction)",Mining,Right changes were a extract variable refactoring,[196],[201],"Added a call to a set method ""seqNo"", and passed the value as a parameter to the IndexResponse constructor",Extract variable on the object created by the IndexResponse constructor,Yes,FALSE,FALSE,FALSE,error
elasticsearch,d896886973660785aac45275ddb110c1a6babc57,org.elasticsearch.action.support.replication.ReplicationOperationTests,testReplication(),Mining,"There is no locally observable interference, because was used different state elements. Right has a listener of type TestPrimary.Result and left of type Response.","[106, 108, 125, 126]","[116, 103]",Extracted a variable from constructor TestReplicationOperation creating a TestPrimary object (Refactor) and added two assertThat method calls on the end of the method,"Changed the generic used at the PlainActionFuture type on the listener variable and Changed the type of shardInfo to import directly the inner ShartInfo, instead as accessing it from its outer class",Yes,FALSE,FALSE,FALSE,error
elasticsearch,d896886973660785aac45275ddb110c1a6babc57,org.elasticsearch.index.IndexSettings,"IndexSettings(IndexMetaData, Settings, Predicate<String>, IndexScopedSettings)",Mining,"Both a change different state elements, left changes only the globalCheckpointInterval field, and right changes the maxRefreshListeners and a field on the scopedSettings different than the one used in left",[238],"[246, 269]",Added the initialization to the globalCheckPointInterval field getting from scopedSettings map,Added the initialization to the maxRefreshListeners field getting from scopedSettings map and added a call to addSettingsUpdateConsumer for the key that got the maxRefreshListeners,Yes,FALSE,FALSE,timeout,error
elasticsearch,d896886973660785aac45275ddb110c1a6babc57,org.elasticsearch.action.bulk.TransportShardBulkAction,"update(IndexMetaData, BulkShardRequest, IndexShard, long[], VersionType[], Translog.Location, int, BulkItemRequest)",Mining,"There is no locally observable interference, because right renames one called method and changes one attribute to access via getter instead of direcly reading it","[268, 255]","[244, 249, 266, 254]",Added the parameter seqNo to both calls of the UpdateResopnse constructor,Added a SupressWarning annotation twice and refactored the WriteResult class to return its parameters via getResponse and getLocation (Refactor),Yes,FALSE,FALSE,FALSE,error
elasticsearch,d896886973660785aac45275ddb110c1a6babc57,org.elasticsearch.action.support.replication.TransportReplicationAction,doRun(),Mining,"Considering the changes performed by the integrator, it adds a parameter on the method call result.response. There is no interference, DF, CF, OA based on the parent contributions. In the base commit, there is write on the log object; in the right commit, no write is performed; in the merge commit, an exception can be thrown on class IndexShard.acquireReplicaOperationLock because of the changes from integrator.","[455, 458, 460]","[457, 459]","Left creates a new local variable, and assigns a value to it depending on a try, which was also changed by Left.","Right adds a new local variable and assings a value to it inside a try, which was chaged by Left.",Yes,TRUE,FALSE,FALSE,FALSE
elasticsearch,d896886973660785aac45275ddb110c1a6babc57,org.elasticsearch.action.support.replication.ReplicationOperation,execute(),Mining,"There is no locally observable interference as the new method calls added by Right just reads the value of replicaRequest (PrimaryRequest class), while the Left changes adds a message on the logger (GlobalCheckPointService class).","[98, 109]","[113, 98, 99, 101, 119, 108, 110]","Left creates a new local variable primaryRounting, while it also adds a new call for updateLocalCheckpointForShard on the field primary.",Right creates a new local variable primaryRounting and renames the local variable primaryId. It also adds a new call for replicaRequest on the field primaryResult.,Yes,FALSE,FALSE,FALSE,TRUE
elasticsearch,d896886973660785aac45275ddb110c1a6babc57,org.elasticsearch.index.engine.InternalEngineTests,testRecoverFromForeignTranslog(),Mining,There is no locally observable interference as the parent changes only updates method calls for creating different objects.,[2091],[2124],"Left updates the method call for creating a new Index object. Now, it is also assigned a value for field seqNo.","Right updates the method call for creating a new EngineConfig object. Now, it is also assigned a value for field refreshListeners.",Yes,FALSE,FALSE,FALSE,error
elasticsearch,d896886973660785aac45275ddb110c1a6babc57,org.elasticsearch.index.engine.InternalEngine,InternalEngine(EngineConfig),Mining,There ir no locally observable interference as the parent changes only reads different fields of the object engineConfig.,[134],"[161, 162, 163, 164]","Left adds a new field in the class, and also assigns a value for it in the constructor.","Right adds a new IF statement, which whether a property on the object engineConfig is nulll.",Yes,FALSE,FALSE,FALSE,FALSE
elasticsearch,d896886973660785aac45275ddb110c1a6babc57,org.elasticsearch.action.DocWriteResponse,writeTo(StreamOutput),Mining,"When a new byte is added on a matrix of bytes (BigByteArray class), the field count is incremented by 1 (BytesStreamOutput class). As both parent contributions add a new call for adding a new byte, both changes the vaue of count. A test case could call method writeTo sending as parameter an object of type BytesStreamOutput. After the method execution, an assertion should check the value assigned to the field count. Consider that in base commit, count would have value X, in left commit value X+1, and in merge commit value X+2. (assertEquals(x+1, out.position())",[140],[141],Left adds a call for method writeZLong on the out object sending a long value.,Right adds a call for method writeBoolean on the object out sending a boolean value.,Yes,TRUE,TRUE,TRUE,FALSE
elasticsearch,d896886973660785aac45275ddb110c1a6babc57,org.elasticsearch.action.DocWriteResponse,readFrom(StreamInput),DeSouza,Left and Right changes just added new method calls that returns the byte at the buffer's current position.,[129],[130],Left adds a call for method readZLong on the in object.,Right adds a call for method readBoolean on the object in.,Yes,FALSE,FALSE,FALSE,FALSE
elasticsearch,d896886973660785aac45275ddb110c1a6babc57,org.elasticsearch.action.DocWriteResponse,"toXContent(XContentBuilder, Params)",DeSouza,"Left and Right add different objects in the generator field on class JsonXContentGenerator. In the class WriterBasedJsonGenerator, there is an implementation of method writeFieldName, that increment the value of _outputTail. A test case should explore this field, after writing a new String by calling method field. assertEquals(X, xcontentBuilder._outputTail).","[163, 164, 165, 166]",[160],Left adds two calls for method field on the object builder.,Right adds a call for method field on the object builder.,Yes,TRUE,TRUE,TRUE,FALSE
elasticsearch,d896886973660785aac45275ddb110c1a6babc57,org.elasticsearch.cluster.metadata.MetaDataCreateIndexService,"createIndex(CreateIndexClusterStateUpdateRequest, ActionListener<ClusterStateUpdateResponse>)",Mining,"There is no locally observable interference as the Left changes just add parameters to create a local variable, which does not interfere with the new changes of Right.",[315],"[304, 305, 309, 310, 312, 346, 300]",Left adds two new parameters when creating the local variable indexService.,Right extracts a local variable (refactoring) and also adds a new local variable routingNumShards.,Yes,FALSE,FALSE,timeout,error
elasticsearch,d896886973660785aac45275ddb110c1a6babc57,org.elasticsearch.action.update.TransportUpdateAction,"shardOperation(UpdateRequest, ActionListener<UpdateResponse>, int)",Mining,"There is no locally observable interference as even the changes overriding the same object, they do not interfere with each other.","[224, 185, 254]","[192, 249, 250]",Left adds new parameters when creating the local variable update.,Right sets the field forcedRefresh of the local variable update,Yes,FALSE,TRUE,TRUE,error
elasticsearch,d896886973660785aac45275ddb110c1a6babc57,org.elasticsearch.action.delete.TransportDeleteAction,"executeDeleteRequestOnPrimary(DeleteRequest, IndexShard)",Mining,"There is no local interference as Right performs a refactoring, while Left only sets an atribute on the object request (parameter).",[136],[140],"Left sets the field seqNo on object request, and added this value on the call to create the returned object DeleteResponse.","Right does a refactoring by extracting a variable, and them call the method to create the method return object.",Yes,FALSE,FALSE,FALSE,error
elasticsearch,3764b3ff800c94293aba0bb0fa18c7df80a764f7,org.elasticsearch.rest.action.cat.RestNodesAction,getTableWithHeader(RestRequest),DeSouza,"Because right only modifies an existing element of the List and lefts removes 
some elements of the array that are after rights changes, they don't interfere
with the same state elements",[],"[153, 154, 156, 157, 158, 159]",Removed calls to a method that modifies the table object,Changed parameters passed to a method that modifies the table object,Yes,FALSE,FALSE,timeout,FALSE
elasticsearch,3764b3ff800c94293aba0bb0fa18c7df80a764f7,org.elasticsearch.rest.action.cat.RestIndicesAction,getTableWithHeader(RestRequest),DeSouza,"Because right only modifies an existing element of the List and lefts removes 
some elements of the array that are after rights changes, they don't interfere
with the same state elements (same as previous)",[],"[144, 147, 150, 153, 138, 141]",Removed calls to a method that modifies the table object,Changed parameters passed to a method that modifies the table object,Yes,FALSE,FALSE,timeout,FALSE
elasticsearch,3764b3ff800c94293aba0bb0fa18c7df80a764f7,org.elasticsearch.rest.action.cat.RestShardsAction,getTableWithHeader(RestRequest),DeSouza,"Because right only modifies an existing element of the List and lefts removes 
some elements of the array that are after rights changes, they don't interfere
with the same state elements (same as previous)",[],"[112, 113]",Removed calls to a method that modifies the table object,Changed parameters passed to a method that modifies the table object,Yes,FALSE,FALSE,timeout,FALSE
elasticsearch,0404db65e3497452886173957729c8e82cfd4a03,org.elasticsearch.test.ESSingleNodeTestCase,newNode(),DeSouza,Both changes by left and right are refactorings,[171],"[173, 174]","Changed the key parameter passed 
to put, to a constant with the same value (Extract variable)","Changed the key parameter passed 
to two other puts, to a constant with the same value (Extract variable)",Yes,FALSE,FALSE,FALSE,FALSE
elasticsearch,59cb67c7bd0ab6311115b20954e013412b676b29,org.elasticsearch.index.query.support.NestedInnerQueryParseSupport,setPathLevel(),DeSouza,"There is no locally observable interference as the Left contributions are refactorings, and only Right changes the program behavior.","[193, 195, 197, 200]",[199],"Left adds a new field, and use it to assign values for fields parentFilter and parentObjectMapper; it has the same behavior when compared to base commit.",Right changes the value assigned to childFilter,Yes,FALSE,TRUE,FALSE,FALSE
elasticsearch,59cb67c7bd0ab6311115b20954e013412b676b29,org.elasticsearch.index.query.MultiMatchQueryBuilder,"doXContent(XContentBuilder, Params)",Mining,"There is locally observable interference. Creating an XContentBuilder builder object, passing the queryName and boost attributes as null, throws an exception on left and passes it on right.","[306, 367]",[],"Changed the parameter sent to the startObject method but the value of the parameter remained the same;

Removed two if conditions that made calls to the field method by passing (""boost"", boost) and (""_name"", queryName).

Added a call to the printBoostAndQueryName method passing the builder object as a parameter.",Removed an if condition (rewrite! = Null) that used the field method of the builder object,Yes,TRUE,FALSE,FALSE,FALSE
elasticsearch,f3d63095dbcc985e24162fbac4ee0d6914dc757d,org.elasticsearch.index.analysis.synonyms.SynonymsAnalysisTest,testSynonymsAnalysis(),DeSouza,There is no locally observable interference as Right just does a refactoring.,"[65, 66, 67, 68, 69, 70, 71, 76]","[73, 75]","Left extracts a local variable home of the parameter used on method put. Now, it's used the return of createTempDir instead of createTempDir().toString();","Right extracts a local variable json from the parameter sent to method loadFromStream. It also replaced the method call loadFromClasspath to loadFromStream, which is done by the method return object of settingsBuilder.",Yes,FALSE,FALSE,FALSE,TRUE
elasticsearch,f3d63095dbcc985e24162fbac4ee0d6914dc757d,org.elasticsearch.index.analysis.commongrams.CommonGramsTokenFilterFactoryTests,testQueryModeCommonGramsAnalysis(),Mining,There is no locally observable interference. Right did a refactoring: extract variable.,[229],"[226, 228]",Replaced the call to the createTempDir().toString() method with createHome(),"Added a variable called Json containing a String with the path to the file commongrams_query_mode.json;
Replaced the loadFromClasspath method with loadFromStream;",Yes,FALSE,TRUE,TRUE,FALSE
elasticsearch,f3d63095dbcc985e24162fbac4ee0d6914dc757d,org.elasticsearch.index.analysis.commongrams.CommonGramsTokenFilterFactoryTests,testCommonGramsAnalysis(),Mining,There is no locally observable interference. Right did a refactoring: extract variable.,[144],"[141, 143]","Left changed the local settings variable with a call to put() method in settingsBuilder(), which uses the local variable called ""json"" changed by right.",Right changed the local variable json. Changed the local varibale called settings with a call to loadFromStream() method in settingsBuilder(),Yes,FALSE,TRUE,TRUE,FALSE
elasticsearch,f3d63095dbcc985e24162fbac4ee0d6914dc757d,org.elasticsearch.index.analysis.KuromojiAnalysisTests,createAnalysisService(),Mining,There is no locally observable interference. Right did a refactoring: extract variable.,"[196, 197, 198, 199, 200, 201, 202, 206]","[204, 207]","Left changed the local settings variable with a call to put() method in settingsBuilder(), which uses the local variable called ""json"" changed by right.
Changed other local variables: empty_dict, dict, home, config and Files, not used by right.",Right changed the local variable json. Changed the local varibale called settings with a call to loadFromStream() method in settingsBuilder(),Yes,FALSE,FALSE,FALSE,FALSE
elasticsearch,36884807b3cc9d660db4da062275c7fdbec8ba67,org.elasticsearch.index.query.SimpleIndexQueryParserTests,setup(),DeSouza,"There is no locally observable interference as the contributions change differnt obejcts, which do not interfere with each other.",[217],[208],Left set the fields type and id on the local variable doc.,Right adds a new entry on the local obecjt settings.,Yes,FALSE,FALSE,FALSE,FALSE
fitnesse,4d9ba9d221d879507440feb084fa7521b95111ec,fitnesse.testsystems.slim.tables.SlimTableFactoryTest,setUp(),Roberto,The interference occurs because both parents change the field size of map. A test case assert should explore the map size.,"[32, 31]",[38],Left adds two entries on the field map.,Right adds one entry on the field map.,Yes,TRUE,FALSE,FALSE,FALSE
fitnesse,4d9ba9d221d879507440feb084fa7521b95111ec,fitnesse.testsystems.slim.tables.SlimTableFactory,SlimTableFactory(),Roberto,"Left and right change values of the same map, which means they change the size field. A test case to detect this conflict can be found here.","[24, 25]",[31],"Left adds two new elements into a map, by calling the add method addTableTye twice.","Right adds a new element into a map, also calling the method addTableType.",Yes,TRUE,FALSE,FALSE,FALSE
cloud-slang,20bac30d9bd76569aa6a4fa1e8261c1a9b5e6f76,io.cloudslang.lang.api.SlangImpl,getAllEventTypes(),Leuson,"Left and right add new values of a same list, which means they change the field size. A test case to detect this conflict can be found here.",[116],"[123, 124, 125]",Left adds new values into a list,Right adds new values into a list,Yes,TRUE,TRUE,TRUE,FALSE
spring-boot,6664ce19d6f2388ebd6cf54763f54fdddd226b9a,org.springframework.boot.jta.atomikos.AtomikosProperties,asProperties(),DeSouza,"Left and Right changes the same field count in class Hashtable. A test case should call the method asProperties, and check the value assigned to this field. For example, assertEquals(x, properties.count). This field count might be got by other methods like properties.stringPropertyNames().size().","[323, 324, 325, 326, 327, 328, 317]",[],"Left adds calls for method set, which adds values on the object properties.","Right removes calls for method set, which added values on the object properties.",No,TRUE,FALSE,not-found,not-found
spring-boot,6664ce19d6f2388ebd6cf54763f54fdddd226b9a,org.springframework.boot.jta.atomikos.AtomikosPropertiesTests,testProperties(),Mining,"Left and Right modify the elements of the object properties. Merge conflicts happen, but the integrator consider all parent contributions. However, this test case would detect a conflict by using one of the parent expected number of properties in the first assertion.","[49, 68, 55, 56, 57, 58, 74, 75, 76, 77]",[],"Left sets five new properties of the object properties (field), and consequently updates the expected value of first assertion.","Right removes five properties of the object properties (field), and consequently updates the expected value of first assertion.",No,TRUE,FALSE,not-found,not-found
spring-boot,6664ce19d6f2388ebd6cf54763f54fdddd226b9a,org.springframework.boot.jta.atomikos.AtomikosPropertiesTests,testDefaultProperties(),Mining,"Left changed the number of attributes of the testing and right created a test with the size of the attributes in class MapEntry. An exception can occur if left tries to access attributes of right., because right removed some parameter.","[89, 93, 94, 95, 96, 98]",[],"Added some attributes for a test, changing the quantity of the parameters and the key.length() attribute.","Removed some attributes for a test, changing the quantity of the parameters and the key.length() attribute.",No,TRUE,FALSE,not-found,not-found
spring-boot,958a0a45f164601d01cb706c19f22ed3e25eff56,org.springframework.boot.autoconfigure.mongo.MongoProperties,builder(MongoClientOptions),DeSouza,"Modifications were made to different attributes, using set methods, they don't interfere with the same state elements",[272],"[261, 262, 263, 264, 265, 266, 267, 268, 271]",Left changes one attribute of an object using a set method,Left changes nine attributes of an object using a set method,No,FALSE,FALSE,FALSE,FALSE
spring-boot,af20dc6cc45c032573413c401f9f73aa75371744,org.springframework.boot.loader.archive.ExplodedArchiveTests,getUrl(),Mining,Right did inline variable refactoring and left change the method equalsTo() to isEqualsTo(). The integrator merged both modifications.,[],[],Equals to the base class,Changed a test assert,Yes,FALSE,FALSE,FALSE,FALSE
spring-boot,af20dc6cc45c032573413c401f9f73aa75371744,org.springframework.boot.loader.archive.ExplodedArchive,getUrl(),DeSouza,"There is no locally observable interference based on the parent contributions. Left and Right just changes different fields of the object returned by the method. However, the integrator changed the final version, which could reveral a conflict.",[],[],"Left removes one parameter (handler) for the new URL object, that is returned by the method.","Right updates one parameter used to create the URL object that is returned by the method, by calling toURL()",Yes,FALSE,FALSE,FALSE,FALSE
spring-boot,c93ea54ea3e08eaa2a17640d5d2b3e60264c1a9c,org.springframework.boot.autoconfigure.cache.RedisCacheConfiguration,"cacheManager(RedisTemplate<Object,Object>)",DeSouza,the right changes are simply structural refactoring.,[55],[60],Changed the value of an attribute of an object instance using a set method,Changed the return of the function of a complete object to the result of executing a method of one of the attributes of the class,No,FALSE,FALSE,not-found,not-found
spring-boot,ea8107b6a53fa60b5f23b33e1b6d2e88bb60133c,org.springframework.boot.context.embedded.undertow.UndertowEmbeddedServletContainerFactory,createDeploymentManager(ServletContextInitializer),DeSouza,There is no locally observable interference as the changes performed by Right still return an object with same behavior when compared to base.,"[357, 358, 359, 360, 345, 361, 362]",[364],"Left sets one attribute of object deployment, which is used to create the returned method object manager.","Right modifies the way the returned manager object is created; before, it was done by calling the method defaultContainer from Servlets, and now it’s done by calling the method newContainer.",Yes,FALSE,FALSE,FALSE,TRUE
spring-boot,3444ebbc05b99a164474c14d6a6784f749514428,org.springframework.boot.context.web.SpringBootServletInitializer,createRootApplicationContext(ServletContext),DeSouza,"Changes were made to different statements with a structural refactoring.. Left modified the creation of the instance of other class (called a method that has the command ""new"") and right inserted a conditional for an attribute of the current class. They do not interfere with the same state elements.",[99],"[121, 123]","Modified a class's instance declaration, instead of using new Class(), called a method that does this.","Inserted a conditional (if) for an attribute that has not been changed from the left, checking if an attribute of the class is true or FALSO.",No,FALSE,FALSE,FALSE,FALSE
spring-boot,074771ec125dd407af0282b92960e9e9e3377e84,org.springframework.boot.context.web.SpringBootServletInitializer,createRootApplicationContext(ServletContext),DeSouza,the left changes are simply structural refactoring.,[87],[88],extracts the instantiation of the object to another method,Change an object's attribute using a set method,No,FALSE,TRUE,TRUE,FALSE
spring-boot,fdd3f12ee0f92ac18844c08bf71df39feebb6673,org.springframework.boot.autoconfigure.logging.AutoConfigurationReportLoggingInitializer,logAutoConfigurationReport(boolean),DeSouza,"The changes are in methods that determine the levels of the logs, both interfere in the output. A test case can be made by creating an assert to check the output produced by comparing the string produced by the left and right log, will be different.",[114],[110],Change the string sent as a parameter to the logger.debug method,Change the string sent as a parameter to the logger.info method,No,TRUE,TRUE,FALSE,FALSE
spring-boot,2d4e68a9777601bfb8309c94d8b74bc21be80ad1,org.springframework.boot.context.embedded.tomcat.TomcatEmbeddedServletContainerFactory,customizeConnector(Connector),DeSouza,The change in right appears to be a refactoring. Its move has no direct impact on any state element.,"[240, 241, 242, 243, 244, 246, 247, 248, 249]",[228],Added an if condition that has an asset in its body. One method call to configureSsl and two set method calls to connector,Added a wildcard to the generic of the AbstractProtocol class which is used as a casting,No,FALSE,FALSE,FALSE,FALSE
quickml,bae968d9a85c0501ba8842a6f88e7fc2c6b78693,quickdt.experiments.OutOfTimeCrossValidatorRunner,"getRandomForestBuilder(int, int)",Guilherme,There is no locally observable interferences as the changes are not related.,[],"[42, 43]","Left deletes a method call, which set the field maxDepth.","Right renames a local variable RandomForestBuilder, and replaces the method return for that local variable. This variable has a different type related to the method return type on Base commit, but the interface is still the superclass.",No,FALSE,FALSE,FALSE,FALSE